<TICKER>,<PER>,<DATE>,<TIME>,<OPEN>,<HIGH>,<LOW>,<CLOSE>,<VOL>
MOEX,D,15/02/13,000000,58.1500000,58.1500000,51.2300000,55.0000000,5897620
MOEX,D,18/02/13,000000,55.0000000,56.6000000,54.1800000,56.0200000,2767350
MOEX,D,19/02/13,000000,56.5000000,56.6000000,55.9500000,56.0000000,1761230
MOEX,D,20/02/13,000000,56.3000000,56.5000000,54.9800000,55.4000000,1413600
MOEX,D,21/02/13,000000,55.0300000,55.3900000,54.4100000,54.7000000,519330
MOEX,D,22/02/13,000000,54.5000000,54.8600000,53.8900000,54.5000000,1229680
MOEX,D,25/02/13,000000,54.7600000,54.8000000,54.0700000,54.7500000,105930
MOEX,D,26/02/13,000000,54.5700000,54.7400000,52.5700000,54.4000000,1490440
MOEX,D,27/02/13,000000,54.2500000,54.2500000,53.4000000,54.2000000,2748950
MOEX,D,28/02/13,000000,54.7400000,54.7400000,53.5000000,53.8900000,341650
MOEX,D,01/03/13,000000,53.7000000,54.2800000,52.5000000,52.5000000,2183750
MOEX,D,04/03/13,000000,52.5000000,52.9700000,52.3000000,52.8000000,2048950
MOEX,D,05/03/13,000000,52.8800000,53.8000000,52.7000000,53.7500000,579530
MOEX,D,06/03/13,000000,53.3000000,54.2000000,53.3000000,53.8000000,1080540
MOEX,D,07/03/13,000000,53.4900000,54.2000000,53.4300000,53.9900000,572780
MOEX,D,11/03/13,000000,53.9800000,54.6000000,53.2700000,54.0000000,1553350
MOEX,D,12/03/13,000000,53.5200000,54.8000000,53.2800000,54.6000000,1707250
MOEX,D,13/03/13,000000,54.2300000,55.0800000,54.2200000,54.5500000,4353160
MOEX,D,14/03/13,000000,54.8000000,55.1500000,54.3000000,54.9000000,2690980
MOEX,D,15/03/13,000000,55.0000000,55.2400000,54.1600000,55.0000000,9059010
MOEX,D,18/03/13,000000,52.7500000,53.4300000,51.1000000,52.8500000,1133650
MOEX,D,19/03/13,000000,53.2000000,53.2000000,51.8700000,51.9600000,1403920
MOEX,D,20/03/13,000000,52.2000000,52.3600000,50.7600000,52.1200000,1013200
MOEX,D,21/03/13,000000,52.5700000,52.9600000,51.9500000,52.1300000,407400
MOEX,D,22/03/13,000000,52.3000000,52.3000000,51.5600000,51.9400000,455650
MOEX,D,25/03/13,000000,52.3800000,52.3800000,51.8000000,51.9200000,199820
MOEX,D,26/03/13,000000,51.5500000,52.0000000,50.3000000,51.4900000,338920
MOEX,D,27/03/13,000000,52.0300000,52.0300000,50.9000000,51.2600000,265490
MOEX,D,28/03/13,000000,51.0000000,51.0000000,48.8000000,48.8700000,628410
MOEX,D,29/03/13,000000,49.5100000,49.8700000,49.0000000,49.4800000,332070
MOEX,D,01/04/13,000000,50.1800000,50.1800000,49.1600000,49.6300000,79790
MOEX,D,02/04/13,000000,49.6300000,49.6300000,48.3800000,48.5900000,168370
MOEX,D,03/04/13,000000,48.5200000,48.5200000,47.8900000,48.2300000,133190
MOEX,D,04/04/13,000000,48.0700000,48.6500000,47.4200000,48.4300000,181760
MOEX,D,05/04/13,000000,48.4300000,48.6100000,47.5000000,48.5000000,123940
MOEX,D,08/04/13,000000,48.6700000,48.8800000,47.5000000,47.5200000,110510
MOEX,D,09/04/13,000000,48.2300000,48.2300000,47.4000000,47.4000000,209980
MOEX,D,10/04/13,000000,48.0000000,48.0000000,46.7500000,46.8700000,424170
MOEX,D,11/04/13,000000,47.2200000,47.6000000,45.7500000,45.7500000,602080
MOEX,D,12/04/13,000000,45.7000000,45.9700000,45.0000000,45.4500000,469350
MOEX,D,15/04/13,000000,45.5000000,46.2000000,45.4200000,45.6600000,1393630
MOEX,D,16/04/13,000000,45.7700000,45.7700000,42.5700000,43.3900000,578480
MOEX,D,17/04/13,000000,43.8800000,44.4800000,43.1100000,43.3000000,1034050
MOEX,D,18/04/13,000000,43.5000000,43.5000000,42.5800000,43.0300000,888600
MOEX,D,19/04/13,000000,43.1800000,43.5700000,43.0000000,43.3800000,1334260
MOEX,D,22/04/13,000000,43.9900000,44.0500000,43.5000000,43.5500000,472550
MOEX,D,23/04/13,000000,43.7100000,44.0800000,43.6300000,44.0000000,835630
MOEX,D,24/04/13,000000,44.0200000,44.5000000,44.0200000,44.4600000,456310
MOEX,D,25/04/13,000000,44.4200000,44.6300000,44.0100000,44.2000000,556250
MOEX,D,26/04/13,000000,44.5000000,44.9500000,44.2000000,44.6900000,822010
MOEX,D,29/04/13,000000,44.9100000,45.0100000,44.4000000,44.5700000,187190
MOEX,D,30/04/13,000000,44.9100000,45.0100000,44.3000000,44.4100000,323540
MOEX,D,02/05/13,000000,44.5500000,44.5500000,43.7500000,44.3700000,169640
MOEX,D,03/05/13,000000,44.4000000,44.9800000,44.2200000,44.9800000,172390
MOEX,D,06/05/13,000000,45.2900000,47.8300000,45.2900000,46.1600000,686090
MOEX,D,07/05/13,000000,46.1500000,49.9000000,46.1500000,47.5000000,477510
MOEX,D,08/05/13,000000,47.3500000,49.0000000,47.0100000,48.7600000,690130
MOEX,D,10/05/13,000000,48.5600000,49.2900000,48.5400000,48.6000000,738670
MOEX,D,13/05/13,000000,49.2700000,49.9900000,48.6300000,49.0000000,280750
MOEX,D,14/05/13,000000,48.9700000,49.2300000,48.6800000,49.0800000,591600
MOEX,D,15/05/13,000000,50.0000000,50.1400000,49.6200000,49.8500000,1074800
MOEX,D,16/05/13,000000,49.9900000,50.1000000,49.9000000,50.1000000,216910
MOEX,D,17/05/13,000000,50.1000000,50.2900000,50.0000000,50.0900000,127180
MOEX,D,20/05/13,000000,49.9900000,51.2000000,49.9900000,51.0000000,535400
MOEX,D,21/05/13,000000,50.3800000,51.5000000,45.2500000,51.3400000,877330
MOEX,D,22/05/13,000000,51.3500000,55.0600000,51.3500000,54.4500000,1901910
MOEX,D,23/05/13,000000,54.3500000,54.4300000,53.5000000,53.7600000,534050
MOEX,D,24/05/13,000000,53.8300000,53.9300000,52.5100000,52.5100000,484860
MOEX,D,27/05/13,000000,53.2900000,53.4000000,52.8100000,53.2000000,360060
MOEX,D,28/05/13,000000,53.2400000,53.9700000,53.2100000,53.7900000,256510
MOEX,D,29/05/13,000000,53.3800000,53.7200000,52.8000000,53.5200000,637050
MOEX,D,30/05/13,000000,53.2400000,53.5900000,53.0500000,53.5000000,827150
MOEX,D,31/05/13,000000,53.6800000,53.8000000,53.3700000,53.3700000,172810
MOEX,D,03/06/13,000000,53.4600000,53.6100000,52.6400000,52.6800000,691060
MOEX,D,04/06/13,000000,52.8700000,53.1200000,52.4500000,52.6200000,822880
MOEX,D,05/06/13,000000,52.5300000,52.7600000,52.5000000,52.5000000,299610
MOEX,D,06/06/13,000000,52.5000000,54.7800000,52.5000000,53.2500000,1753200
MOEX,D,07/06/13,000000,53.1800000,53.8000000,53.0800000,53.5300000,310380
MOEX,D,10/06/13,000000,53.6900000,53.7100000,53.4600000,53.5000000,331830
MOEX,D,11/06/13,000000,53.5000000,53.6500000,52.1800000,52.1800000,700110
MOEX,D,13/06/13,000000,52.1300000,52.1500000,51.5200000,51.5200000,431750
MOEX,D,14/06/13,000000,51.7700000,51.9500000,51.4900000,51.5600000,234920
MOEX,D,17/06/13,000000,51.5700000,54.0000000,51.3300000,52.7500000,1238970
MOEX,D,18/06/13,000000,52.4100000,52.8600000,52.0000000,52.6200000,224530
MOEX,D,19/06/13,000000,52.8100000,53.0600000,52.2700000,52.6800000,468670
MOEX,D,20/06/13,000000,52.4200000,52.4200000,50.5000000,50.5000000,1191240
MOEX,D,21/06/13,000000,50.4700000,51.3000000,49.7800000,49.7800000,988950
MOEX,D,24/06/13,000000,50.4900000,51.7800000,49.7900000,51.4700000,1859290
MOEX,D,25/06/13,000000,51.4900000,52.4900000,51.3000000,52.0000000,1878380
MOEX,D,26/06/13,000000,52.0900000,52.8600000,51.8300000,52.7200000,1598000
MOEX,D,27/06/13,000000,52.7800000,53.3000000,52.4500000,53.0400000,956730
MOEX,D,28/06/13,000000,52.8200000,54.4100000,52.8200000,53.2100000,1314550
MOEX,D,01/07/13,000000,53.4800000,54.0100000,53.4300000,53.9000000,521190
MOEX,D,02/07/13,000000,53.9900000,54.1700000,53.6000000,54.1500000,729990
MOEX,D,03/07/13,000000,54.1900000,54.2000000,53.6700000,53.7300000,393600
MOEX,D,04/07/13,000000,54.2300000,54.2300000,53.8500000,53.9000000,395250
MOEX,D,05/07/13,000000,54.0000000,54.0800000,53.8500000,53.8900000,339780
MOEX,D,08/07/13,000000,53.8900000,54.0800000,53.8400000,54.0500000,448910
MOEX,D,09/07/13,000000,54.1400000,54.1500000,53.6000000,53.6000000,462360
MOEX,D,10/07/13,000000,53.7300000,53.7300000,53.2600000,53.3000000,283160
MOEX,D,11/07/13,000000,53.5000000,54.1800000,53.5000000,54.1800000,1056790
MOEX,D,12/07/13,000000,54.0500000,54.2000000,53.7500000,53.9000000,355470
MOEX,D,15/07/13,000000,53.9900000,54.1900000,53.8000000,53.9000000,272370
MOEX,D,16/07/13,000000,53.9900000,54.0300000,53.7700000,53.8600000,454220
MOEX,D,17/07/13,000000,54.0000000,54.0400000,53.9000000,54.0200000,315520
MOEX,D,18/07/13,000000,54.2800000,54.2800000,53.9300000,53.9300000,494700
MOEX,D,19/07/13,000000,53.5800000,54.2600000,53.2800000,53.8500000,769690
MOEX,D,22/07/13,000000,53.7100000,54.1000000,53.6400000,53.9400000,627960
MOEX,D,23/07/13,000000,53.9700000,54.5000000,53.8900000,53.9700000,929170
MOEX,D,24/07/13,000000,53.9500000,54.3800000,53.9500000,54.2400000,663280
MOEX,D,25/07/13,000000,54.5000000,54.5000000,53.9500000,54.0000000,488120
MOEX,D,26/07/13,000000,53.9400000,54.4300000,53.9400000,54.4300000,337110
MOEX,D,29/07/13,000000,54.4300000,55.3000000,54.3000000,55.3000000,1142680
MOEX,D,30/07/13,000000,54.7400000,56.1500000,54.7400000,56.0600000,711920
MOEX,D,31/07/13,000000,55.9800000,56.3000000,55.9800000,56.2800000,1171510
MOEX,D,01/08/13,000000,56.2200000,60.5000000,56.2200000,60.5000000,2123960
MOEX,D,02/08/13,000000,60.7800000,62.3000000,58.3000000,59.0000000,1221740
MOEX,D,05/08/13,000000,59.5400000,62.4200000,58.8900000,59.9000000,1082540
MOEX,D,06/08/13,000000,59.4500000,59.9000000,55.1200000,56.4000000,968410
MOEX,D,07/08/13,000000,56.3900000,56.3900000,55.7700000,55.7700000,788430
MOEX,D,08/08/13,000000,55.9400000,56.0400000,55.7100000,56.0400000,368310
MOEX,D,09/08/13,000000,55.8100000,56.1700000,55.8100000,56.1000000,267510
MOEX,D,12/08/13,000000,56.4300000,56.4300000,55.9800000,56.0900000,659360
MOEX,D,13/08/13,000000,55.9700000,57.1300000,55.9700000,56.7800000,1000750
MOEX,D,14/08/13,000000,56.8400000,57.3300000,56.8100000,56.9500000,788730
MOEX,D,15/08/13,000000,57.0900000,57.2400000,56.1400000,56.3700000,478280
MOEX,D,16/08/13,000000,56.2100000,56.6300000,55.9300000,56.2000000,846490
MOEX,D,19/08/13,000000,56.1500000,56.3800000,55.9600000,56.2000000,536100
MOEX,D,20/08/13,000000,56.1600000,56.3700000,56.0000000,56.0000000,555760
MOEX,D,21/08/13,000000,55.9900000,56.2800000,55.9500000,56.2800000,474080
MOEX,D,22/08/13,000000,56.1800000,57.1400000,56.1200000,57.0900000,780280
MOEX,D,23/08/13,000000,56.8700000,57.7100000,56.8200000,57.3000000,1115950
MOEX,D,26/08/13,000000,57.2800000,57.2800000,57.0000000,57.2800000,224720
MOEX,D,27/08/13,000000,57.1500000,59.0000000,57.0500000,58.4400000,657690
MOEX,D,28/08/13,000000,58.4200000,59.2500000,58.2500000,58.9000000,367180
MOEX,D,29/08/13,000000,59.0700000,61.8000000,59.0700000,60.4800000,1704700
MOEX,D,30/08/13,000000,60.3300000,63.0000000,59.4700000,61.0000000,1528160
MOEX,D,02/09/13,000000,61.2700000,61.5400000,60.7600000,61.0500000,956150
MOEX,D,03/09/13,000000,61.5000000,61.9000000,61.2100000,61.6500000,1169240
MOEX,D,04/09/13,000000,61.7000000,62.3900000,61.6600000,61.9100000,1127000
MOEX,D,05/09/13,000000,62.0000000,62.9300000,61.9400000,62.8400000,921560
MOEX,D,06/09/13,000000,63.0000000,67.2500000,63.0000000,64.8700000,3898510
MOEX,D,09/09/13,000000,65.6100000,65.7700000,63.0700000,64.9100000,2107770
MOEX,D,10/09/13,000000,65.2800000,66.7000000,64.5500000,65.8500000,1636310
MOEX,D,11/09/13,000000,65.2200000,66.3000000,63.7300000,65.5900000,2324470
MOEX,D,12/09/13,000000,65.5800000,65.5800000,64.6300000,65.4500000,1073100
MOEX,D,13/09/13,000000,65.8200000,65.9400000,64.1600000,64.8200000,1689790
MOEX,D,16/09/13,000000,65.6800000,67.4000000,65.3400000,66.9900000,3515520
MOEX,D,17/09/13,000000,66.3600000,66.8600000,65.8700000,66.2600000,1801640
MOEX,D,18/09/13,000000,66.4000000,66.7200000,65.3500000,65.7000000,1440370
MOEX,D,19/09/13,000000,66.2900000,66.9900000,65.3400000,65.5500000,2437020
MOEX,D,20/09/13,000000,65.4900000,65.6200000,62.5700000,63.2500000,5418420
MOEX,D,23/09/13,000000,62.9800000,63.0000000,60.0000000,62.4100000,4618900
MOEX,D,24/09/13,000000,62.0000000,64.6500000,60.0700000,63.2000000,2886120
MOEX,D,25/09/13,000000,63.2400000,63.2600000,60.3500000,60.3500000,1217280
MOEX,D,26/09/13,000000,61.0000000,61.2400000,59.9400000,60.2600000,1002390
MOEX,D,27/09/13,000000,60.2500000,60.8100000,59.3600000,60.6400000,1024800
MOEX,D,30/09/13,000000,60.5100000,62.1000000,60.4200000,62.0500000,725600
MOEX,D,01/10/13,000000,62.2100000,64.8500000,62.2000000,64.7700000,780100
MOEX,D,02/10/13,000000,64.6000000,65.6900000,63.9800000,64.8500000,3593580
MOEX,D,03/10/13,000000,65.0800000,65.6300000,63.0900000,65.3100000,1194900
MOEX,D,04/10/13,000000,65.3800000,65.9500000,64.0800000,65.8600000,688510
MOEX,D,07/10/13,000000,65.6700000,65.7300000,64.6900000,64.9000000,364570
MOEX,D,08/10/13,000000,64.7100000,66.1000000,64.1900000,65.9700000,2396140
MOEX,D,09/10/13,000000,65.5400000,66.8000000,65.1900000,66.8000000,2476400
MOEX,D,10/10/13,000000,66.8000000,67.2100000,65.9000000,67.2000000,2318710
MOEX,D,11/10/13,000000,67.1900000,67.5000000,66.8200000,67.5000000,1269630
MOEX,D,14/10/13,000000,66.8100000,68.0000000,66.0500000,67.7400000,2896090
MOEX,D,15/10/13,000000,68.0700000,69.9900000,67.5600000,68.2700000,2728110
MOEX,D,16/10/13,000000,68.4200000,68.4200000,67.2400000,68.0700000,1259190
MOEX,D,17/10/13,000000,68.2900000,68.4400000,67.0300000,67.7500000,990830
MOEX,D,18/10/13,000000,67.7500000,69.0800000,67.5000000,68.1000000,1135770
MOEX,D,21/10/13,000000,67.8700000,68.4400000,67.0900000,68.0000000,2306000
MOEX,D,22/10/13,000000,67.9500000,68.3500000,67.5200000,67.9800000,2992810
MOEX,D,23/10/13,000000,67.9100000,67.9100000,66.7600000,66.9900000,882060
MOEX,D,24/10/13,000000,66.8600000,69.2100000,65.6500000,65.8900000,3659450
MOEX,D,25/10/13,000000,66.2900000,66.8700000,65.5900000,66.0000000,38659280
MOEX,D,28/10/13,000000,66.0000000,66.1400000,64.5800000,65.0000000,4240250
MOEX,D,29/10/13,000000,64.9900000,65.0000000,62.7100000,63.6500000,2631940
MOEX,D,30/10/13,000000,63.5700000,63.6400000,62.2900000,62.9000000,8512070
MOEX,D,31/10/13,000000,62.4400000,62.5900000,61.2000000,61.2300000,4044510
MOEX,D,01/11/13,000000,61.2800000,61.6900000,60.9000000,61.4000000,4232370
MOEX,D,05/11/13,000000,61.9200000,63.2600000,60.6600000,60.9000000,19178900
MOEX,D,06/11/13,000000,60.9400000,62.6500000,60.7000000,61.0100000,16333490
MOEX,D,07/11/13,000000,61.0300000,62.1200000,60.8400000,60.9800000,8577990
MOEX,D,08/11/13,000000,61.8700000,61.8700000,60.6000000,61.4500000,7498250
MOEX,D,11/11/13,000000,61.6000000,63.3000000,61.0400000,62.4900000,5299200
MOEX,D,12/11/13,000000,62.5400000,65.3800000,62.5400000,64.8000000,6999890
MOEX,D,13/11/13,000000,64.6800000,65.7500000,63.7000000,64.5100000,7201640
MOEX,D,14/11/13,000000,65.0900000,65.2600000,64.6600000,64.7700000,6615000
MOEX,D,15/11/13,000000,64.9900000,65.1300000,63.9100000,64.9200000,3924840
MOEX,D,18/11/13,000000,65.0400000,65.0600000,64.4900000,65.0200000,4040230
MOEX,D,19/11/13,000000,64.9800000,65.3900000,64.8100000,65.3900000,6069430
MOEX,D,20/11/13,000000,65.0000000,65.6700000,64.7000000,65.3500000,4077720
MOEX,D,21/11/13,000000,64.9400000,65.6300000,64.3000000,65.5500000,5251230
MOEX,D,22/11/13,000000,65.6300000,67.5600000,64.8900000,67.1500000,9061380
MOEX,D,25/11/13,000000,67.0000000,67.9700000,65.9300000,67.5000000,4986020
MOEX,D,26/11/13,000000,67.5000000,67.8100000,64.9000000,67.4500000,21175750
MOEX,D,27/11/13,000000,67.0100000,67.5600000,66.6200000,67.4000000,11960510
MOEX,D,28/11/13,000000,67.3800000,67.3900000,65.5300000,66.5400000,3449040
MOEX,D,29/11/13,000000,66.2800000,67.1500000,65.7500000,67.0000000,5634420
MOEX,D,02/12/13,000000,66.9300000,66.9600000,66.2400000,66.5700000,3639800
MOEX,D,03/12/13,000000,66.3100000,66.5600000,64.0600000,65.5000000,7015000
MOEX,D,04/12/13,000000,65.5000000,65.6300000,64.5000000,65.1500000,3512080
MOEX,D,05/12/13,000000,64.9300000,65.2600000,61.4800000,62.0000000,5664680
MOEX,D,06/12/13,000000,62.1800000,63.7600000,62.0500000,63.3000000,3960650
MOEX,D,09/12/13,000000,63.7400000,63.7400000,62.7700000,63.0300000,6138200
MOEX,D,10/12/13,000000,62.5300000,64.4200000,62.4300000,63.7700000,3691780
MOEX,D,11/12/13,000000,63.5200000,63.9600000,63.1500000,63.7100000,2855130
MOEX,D,12/12/13,000000,63.1700000,63.8000000,62.8300000,63.1800000,2556840
MOEX,D,13/12/13,000000,63.0900000,63.9200000,63.0900000,63.8000000,2523850
MOEX,D,16/12/13,000000,63.9900000,64.0000000,63.4000000,63.8800000,3593030
MOEX,D,17/12/13,000000,63.5900000,63.8800000,63.0700000,63.5900000,1777310
MOEX,D,18/12/13,000000,63.3700000,63.8500000,63.1800000,63.5200000,2236010
MOEX,D,19/12/13,000000,63.7200000,63.8700000,61.6300000,62.1100000,4599570
MOEX,D,20/12/13,000000,62.3700000,63.7000000,62.3600000,63.0900000,3760640
MOEX,D,23/12/13,000000,63.3900000,65.6400000,63.3900000,65.0100000,4398800
MOEX,D,24/12/13,000000,64.5500000,64.9000000,63.8900000,64.3900000,6019090
MOEX,D,25/12/13,000000,64.7700000,65.9200000,63.6600000,64.0000000,3130470
MOEX,D,26/12/13,000000,64.2600000,64.2600000,62.2800000,63.0200000,1404490
MOEX,D,27/12/13,000000,63.2400000,64.5300000,63.1500000,64.2600000,9124550
MOEX,D,30/12/13,000000,64.2400000,65.2000000,63.7400000,65.0000000,5580870
MOEX,D,06/01/14,000000,63.2000000,64.9800000,62.5500000,62.9200000,2492140
MOEX,D,08/01/14,000000,62.9700000,65.0000000,62.6100000,65.0000000,1462210
MOEX,D,09/01/14,000000,64.6400000,65.2000000,64.6400000,65.0700000,1944290
MOEX,D,10/01/14,000000,65.0200000,65.4300000,64.7500000,65.3900000,2500890
MOEX,D,13/01/14,000000,65.2500000,65.4600000,64.5600000,65.2000000,887980
MOEX,D,14/01/14,000000,65.1200000,65.3000000,64.5800000,64.8100000,1353440
MOEX,D,15/01/14,000000,65.2400000,65.3000000,64.6900000,65.0000000,2664550
MOEX,D,16/01/14,000000,64.9000000,65.1200000,64.6400000,64.8000000,1550980
MOEX,D,17/01/14,000000,64.9800000,65.4500000,64.0500000,64.2600000,1655710
MOEX,D,20/01/14,000000,64.6200000,65.0700000,63.4100000,63.6600000,1334920
MOEX,D,21/01/14,000000,64.1900000,64.7000000,63.7000000,64.3300000,1501940
MOEX,D,22/01/14,000000,64.2100000,64.2500000,63.3000000,63.6000000,1059490
MOEX,D,23/01/14,000000,63.5300000,64.2500000,63.4100000,63.6100000,1396810
MOEX,D,24/01/14,000000,63.7200000,64.1000000,62.4500000,62.4500000,3857740
MOEX,D,27/01/14,000000,61.9500000,62.7800000,60.5500000,61.7600000,2850790
MOEX,D,28/01/14,000000,61.7500000,63.7500000,61.1600000,62.9600000,3812990
MOEX,D,29/01/14,000000,63.1600000,63.8000000,62.3500000,63.3000000,2524760
MOEX,D,30/01/14,000000,63.4500000,63.8000000,61.0000000,61.0800000,5509910
MOEX,D,31/01/14,000000,61.1400000,61.7800000,60.1500000,61.4300000,3635660
MOEX,D,03/02/14,000000,61.4700000,62.2200000,60.9800000,61.1800000,814500
MOEX,D,04/02/14,000000,61.0800000,61.1700000,60.4700000,60.5100000,533800
MOEX,D,05/02/14,000000,60.8200000,62.7100000,59.7800000,62.4100000,2474760
MOEX,D,06/02/14,000000,62.7100000,65.0200000,61.6900000,64.7000000,3264840
MOEX,D,07/02/14,000000,64.9400000,65.1400000,62.5100000,63.5000000,3809200
MOEX,D,10/02/14,000000,63.7500000,64.6800000,62.6000000,63.0000000,1015220
MOEX,D,11/02/14,000000,62.9900000,64.2600000,62.8500000,63.6800000,964680
MOEX,D,12/02/14,000000,63.5200000,64.3000000,62.5100000,62.5500000,1868140
MOEX,D,13/02/14,000000,62.7900000,64.2300000,62.7900000,64.0500000,2415220
MOEX,D,14/02/14,000000,64.1000000,65.1600000,63.9300000,65.0000000,2545930
MOEX,D,17/02/14,000000,65.2100000,65.7000000,64.8200000,65.3000000,9274800
MOEX,D,18/02/14,000000,65.3000000,65.6000000,64.8600000,65.3000000,2359920
MOEX,D,19/02/14,000000,65.0200000,65.7000000,64.9200000,65.2700000,2613010
MOEX,D,20/02/14,000000,65.0200000,65.2700000,64.0000000,64.1700000,2761330
MOEX,D,21/02/14,000000,64.2600000,65.2700000,64.1400000,65.2300000,1760900
MOEX,D,24/02/14,000000,65.3300000,65.7000000,64.9100000,65.0700000,3693320
MOEX,D,25/02/14,000000,65.2500000,65.5000000,64.9000000,65.1500000,2253600
MOEX,D,26/02/14,000000,65.2900000,65.3400000,63.7500000,64.1000000,5408440
MOEX,D,27/02/14,000000,64.0500000,65.4100000,63.8500000,64.0000000,8893280
MOEX,D,28/02/14,000000,64.4700000,65.5000000,62.0000000,64.0000000,10489590
MOEX,D,03/03/14,000000,61.0000000,61.9900000,53.0000000,56.6100000,14033810
MOEX,D,04/03/14,000000,56.0400000,61.9700000,56.0300000,56.7500000,9306940
MOEX,D,05/03/14,000000,57.4900000,59.5200000,56.4500000,59.1100000,9449220
MOEX,D,06/03/14,000000,59.5000000,59.6600000,57.4000000,57.6700000,8183150
MOEX,D,07/03/14,000000,57.8100000,58.0500000,55.6000000,57.0000000,4081870
MOEX,D,11/03/14,000000,56.8300000,56.9900000,53.0500000,54.7500000,7550440
MOEX,D,12/03/14,000000,53.9700000,54.9400000,53.0600000,53.7500000,2563760
MOEX,D,13/03/14,000000,54.0000000,54.6100000,48.8600000,49.1000000,6130900
MOEX,D,14/03/14,000000,46.9800000,49.5000000,42.7400000,48.8400000,16865870
MOEX,D,17/03/14,000000,49.6900000,52.8700000,49.6900000,50.6000000,5707240
MOEX,D,18/03/14,000000,51.0200000,60.4000000,50.6200000,56.6200000,11369920
MOEX,D,19/03/14,000000,56.6400000,59.7900000,55.1700000,55.8600000,12382940
MOEX,D,20/03/14,000000,54.7200000,57.4000000,54.7200000,56.0300000,2518730
MOEX,D,21/03/14,000000,53.9900000,56.0000000,53.6200000,55.5300000,3830680
MOEX,D,24/03/14,000000,55.6100000,56.8700000,55.3300000,56.7000000,2725300
MOEX,D,25/03/14,000000,56.7600000,59.5900000,56.0000000,58.0700000,6002890
MOEX,D,26/03/14,000000,58.4700000,59.8700000,57.6100000,59.2500000,5539680
MOEX,D,27/03/14,000000,59.0100000,59.9400000,57.5000000,57.5500000,3343950
MOEX,D,28/03/14,000000,58.1000000,59.5100000,57.2700000,58.2300000,1972100
MOEX,D,31/03/14,000000,58.0600000,58.3500000,57.1900000,57.9000000,4212980
MOEX,D,01/04/14,000000,57.8800000,58.1900000,57.4000000,57.7600000,1872590
MOEX,D,02/04/14,000000,57.6500000,59.7000000,57.5800000,59.5000000,4297060
MOEX,D,03/04/14,000000,59.6900000,59.9700000,58.5600000,59.4400000,1968260
MOEX,D,04/04/14,000000,59.4900000,59.7800000,58.5000000,58.6000000,1126610
MOEX,D,07/04/14,000000,58.0500000,58.2000000,55.0500000,56.2500000,5276960
MOEX,D,08/04/14,000000,56.3000000,57.7600000,55.0300000,57.2200000,6940810
MOEX,D,09/04/14,000000,58.0000000,58.8900000,55.5000000,58.1900000,5804440
MOEX,D,10/04/14,000000,58.4200000,63.0000000,58.0200000,62.0000000,5316280
MOEX,D,11/04/14,000000,60.8100000,62.5600000,60.3500000,61.6700000,2344090
MOEX,D,14/04/14,000000,60.5200000,61.4000000,57.7300000,58.7000000,6058790
MOEX,D,15/04/14,000000,58.4600000,59.1500000,55.6300000,55.8100000,4303050
MOEX,D,16/04/14,000000,56.2800000,57.9700000,53.7700000,56.1000000,4853800
MOEX,D,17/04/14,000000,56.3000000,57.2300000,55.1200000,55.9300000,3247820
MOEX,D,18/04/14,000000,57.4300000,58.1800000,56.6100000,57.0000000,2504980
MOEX,D,21/04/14,000000,57.3400000,57.4300000,55.5400000,56.0000000,1747640
MOEX,D,22/04/14,000000,55.9600000,56.6500000,55.3300000,55.6000000,2669900
MOEX,D,23/04/14,000000,55.7000000,56.8900000,55.2200000,55.6500000,2701820
MOEX,D,24/04/14,000000,56.1500000,56.5800000,54.5000000,55.2000000,3575520
MOEX,D,25/04/14,000000,55.0300000,56.5200000,53.1600000,53.9000000,5003840
MOEX,D,28/04/14,000000,53.7900000,54.6700000,51.4900000,53.9000000,7184910
MOEX,D,29/04/14,000000,54.4100000,55.2700000,51.8800000,53.6600000,7942840
MOEX,D,30/04/14,000000,53.4600000,53.8300000,52.2000000,52.7900000,7597940
MOEX,D,02/05/14,000000,52.5200000,53.9100000,52.0900000,53.5900000,1811420
MOEX,D,05/05/14,000000,53.4900000,55.1800000,52.5300000,52.9100000,2493100
MOEX,D,06/05/14,000000,53.2700000,54.3600000,53.2600000,54.3100000,2375870
MOEX,D,07/05/14,000000,54.0800000,56.9400000,54.0200000,55.6000000,3668390
MOEX,D,08/05/14,000000,55.9700000,58.8500000,55.8100000,58.0300000,7783430
MOEX,D,12/05/14,000000,58.0300000,58.9800000,57.6500000,58.1700000,3062360
MOEX,D,13/05/14,000000,58.5800000,59.7600000,57.8300000,59.4900000,2562880
MOEX,D,14/05/14,000000,59.2900000,59.8500000,58.5500000,59.2900000,1974300
MOEX,D,15/05/14,000000,59.8000000,60.1500000,57.9800000,58.0000000,2733160
MOEX,D,16/05/14,000000,58.0000000,59.4200000,56.6100000,58.2100000,4010690
MOEX,D,19/05/14,000000,58.7900000,60.0000000,57.8500000,59.4900000,2753640
MOEX,D,20/05/14,000000,59.5500000,60.0100000,58.7000000,59.7500000,2900080
MOEX,D,21/05/14,000000,59.5600000,61.4700000,59.0700000,60.4900000,3868520
MOEX,D,22/05/14,000000,60.5100000,61.4600000,60.1500000,60.5000000,4052610
MOEX,D,23/05/14,000000,60.8300000,62.0000000,60.3100000,62.0000000,3169890
MOEX,D,26/05/14,000000,61.9300000,62.9000000,61.7500000,62.5400000,2546670
MOEX,D,27/05/14,000000,62.9900000,62.9900000,60.0700000,61.0000000,3550230
MOEX,D,28/05/14,000000,61.6100000,61.8000000,60.4200000,61.7500000,1579110
MOEX,D,29/05/14,000000,61.6400000,64.4900000,61.4400000,63.6400000,9997660
MOEX,D,30/05/14,000000,63.3500000,65.7500000,63.0200000,65.7500000,13070910
MOEX,D,02/06/14,000000,65.7000000,66.1900000,63.8400000,65.4500000,8228600
MOEX,D,03/06/14,000000,65.0000000,65.6500000,61.6700000,63.2000000,7738000
MOEX,D,04/06/14,000000,63.0000000,64.4900000,61.3000000,64.0100000,4528650
MOEX,D,05/06/14,000000,63.7400000,65.3000000,63.1300000,65.3000000,2691420
MOEX,D,06/06/14,000000,65.3200000,65.5000000,64.3400000,65.3400000,4723670
MOEX,D,09/06/14,000000,65.3500000,65.9500000,64.9300000,65.6600000,2605060
MOEX,D,10/06/14,000000,65.9300000,65.9300000,63.0200000,63.8800000,2831340
MOEX,D,11/06/14,000000,64.0000000,65.6500000,63.5000000,65.6500000,2409660
MOEX,D,16/06/14,000000,64.8300000,66.2500000,64.0000000,65.6500000,7246170
MOEX,D,17/06/14,000000,65.5500000,66.7200000,65.0000000,66.3000000,2526810
MOEX,D,18/06/14,000000,66.2900000,67.6900000,65.8400000,66.9600000,1940390
MOEX,D,19/06/14,000000,67.0600000,68.8000000,67.0500000,67.5000000,4494260
MOEX,D,20/06/14,000000,67.4300000,68.4700000,67.2200000,68.3100000,2678410
MOEX,D,23/06/14,000000,70.0000000,70.9300000,69.1100000,69.8000000,3446410
MOEX,D,24/06/14,000000,70.0800000,70.2400000,68.0000000,68.3600000,3806820
MOEX,D,25/06/14,000000,68.2200000,69.3400000,66.0000000,66.1800000,5660700
MOEX,D,26/06/14,000000,66.3600000,66.7000000,65.5600000,65.9700000,3562590
MOEX,D,27/06/14,000000,66.0600000,66.2300000,65.2800000,66.1700000,5383650
MOEX,D,30/06/14,000000,66.2600000,68.8500000,65.3800000,67.4500000,11877050
MOEX,D,01/07/14,000000,66.9600000,67.4700000,64.7200000,65.0500000,6191270
MOEX,D,02/07/14,000000,64.0000000,66.0300000,61.6400000,65.7500000,57375730
MOEX,D,03/07/14,000000,65.9400000,66.1800000,64.9000000,65.6000000,9132820
MOEX,D,04/07/14,000000,65.5100000,66.1100000,64.5400000,64.5400000,5055540
MOEX,D,07/07/14,000000,64.9000000,66.0000000,64.6800000,65.9200000,4287610
MOEX,D,08/07/14,000000,65.9000000,66.7700000,64.6500000,65.0000000,12060530
MOEX,D,09/07/14,000000,65.0100000,65.7000000,64.9500000,65.2500000,5227640
MOEX,D,10/07/14,000000,63.4400000,64.3500000,61.1200000,62.2700000,9683550
MOEX,D,11/07/14,000000,62.0800000,62.7600000,61.8100000,62.1200000,3111260
MOEX,D,14/07/14,000000,62.1000000,62.5000000,61.5000000,61.7100000,2136210
MOEX,D,15/07/14,000000,61.7600000,62.1600000,61.1300000,61.6400000,3407710
MOEX,D,16/07/14,000000,61.5000000,62.2100000,61.4800000,61.8000000,3361970
MOEX,D,17/07/14,000000,61.4900000,61.4900000,59.7000000,61.4900000,8928560
MOEX,D,18/07/14,000000,60.0000000,61.1200000,59.5800000,60.9300000,7393830
MOEX,D,21/07/14,000000,60.5000000,61.1200000,58.1100000,58.7500000,7326540
MOEX,D,22/07/14,000000,59.0500000,60.2000000,58.8300000,60.1000000,5996350
MOEX,D,23/07/14,000000,60.0000000,61.7500000,59.9300000,61.4300000,6752040
MOEX,D,24/07/14,000000,61.3500000,61.5900000,59.7500000,59.8000000,3038670
MOEX,D,25/07/14,000000,59.8000000,59.9800000,58.5800000,58.7000000,4060280
MOEX,D,28/07/14,000000,58.9500000,59.0500000,55.3800000,55.5000000,9444440
MOEX,D,29/07/14,000000,55.4100000,56.8800000,55.1200000,56.4900000,6222750
MOEX,D,30/07/14,000000,55.8100000,58.3000000,55.8100000,58.0000000,8371060
MOEX,D,31/07/14,000000,58.4900000,58.9800000,56.5500000,56.9400000,8641670
MOEX,D,01/08/14,000000,56.6700000,57.7900000,56.2000000,57.4800000,1700600
MOEX,D,04/08/14,000000,57.6500000,58.9300000,57.4900000,58.5600000,2970430
MOEX,D,05/08/14,000000,58.8400000,59.7000000,58.1100000,59.2000000,2472440
MOEX,D,06/08/14,000000,59.5900000,59.6900000,56.5500000,56.8300000,4271640
MOEX,D,07/08/14,000000,56.6600000,57.5800000,53.7200000,56.0100000,9121090
MOEX,D,08/08/14,000000,56.1500000,59.0000000,56.0000000,58.5000000,5084870
MOEX,D,11/08/14,000000,59.2600000,59.8900000,58.3800000,59.0000000,3343070
MOEX,D,12/08/14,000000,58.9000000,59.6000000,58.3300000,58.6500000,5463160
MOEX,D,13/08/14,000000,58.5900000,61.0000000,58.3800000,60.7100000,10645890
MOEX,D,14/08/14,000000,60.7000000,60.7000000,59.7500000,59.8000000,8283210
MOEX,D,15/08/14,000000,59.7500000,60.8000000,58.5600000,60.6000000,3445340
MOEX,D,18/08/14,000000,60.6000000,62.1600000,60.5200000,61.8000000,6323150
MOEX,D,19/08/14,000000,61.8500000,64.0800000,61.7100000,63.8000000,7922550
MOEX,D,20/08/14,000000,64.0900000,65.3000000,62.5000000,64.0000000,3320930
MOEX,D,21/08/14,000000,63.8400000,65.1000000,63.8400000,64.9900000,2943320
MOEX,D,22/08/14,000000,64.7700000,65.5000000,61.8200000,64.2500000,4881130
MOEX,D,25/08/14,000000,64.2000000,65.3600000,63.9700000,64.9400000,979910
MOEX,D,26/08/14,000000,65.2800000,66.5000000,65.2800000,66.2000000,7045240
MOEX,D,27/08/14,000000,66.4900000,67.4200000,65.7300000,66.5000000,5247460
MOEX,D,28/08/14,000000,66.2200000,66.4200000,63.7000000,64.7000000,5620720
MOEX,D,29/08/14,000000,65.0100000,65.1100000,62.0500000,63.5000000,16190520
MOEX,D,01/09/14,000000,63.1100000,63.7800000,60.2500000,60.5500000,11126870
MOEX,D,02/09/14,000000,60.6400000,61.6700000,60.0500000,60.8200000,4283700
MOEX,D,03/09/14,000000,60.9800000,63.4500000,60.6600000,63.4000000,14403760
MOEX,D,04/09/14,000000,63.7700000,65.3700000,63.1100000,64.3000000,9890360
MOEX,D,05/09/14,000000,63.8000000,65.0000000,63.3700000,64.2200000,5251660
MOEX,D,08/09/14,000000,64.0000000,64.6800000,63.1700000,63.8500000,3430210
MOEX,D,09/09/14,000000,64.0000000,64.2900000,62.8300000,63.1200000,4976960
MOEX,D,10/09/14,000000,62.8000000,64.0000000,62.2300000,63.3000000,3992050
MOEX,D,11/09/14,000000,63.9000000,63.9000000,61.6000000,62.1700000,4128310
MOEX,D,12/09/14,000000,62.5500000,62.9700000,61.0100000,61.9500000,4495940
MOEX,D,15/09/14,000000,62.4400000,62.4500000,60.0400000,61.1700000,5414700
MOEX,D,16/09/14,000000,61.3000000,62.1400000,60.8400000,61.9000000,6442290
MOEX,D,17/09/14,000000,61.7800000,61.8000000,59.5200000,60.0000000,16945190
MOEX,D,18/09/14,000000,60.2100000,61.7600000,59.6000000,61.0000000,8752780
MOEX,D,19/09/14,000000,60.8700000,61.8900000,59.5800000,59.5800000,32785940
MOEX,D,22/09/14,000000,59.6200000,61.4700000,59.6200000,60.3000000,31079410
MOEX,D,23/09/14,000000,61.1900000,61.1900000,59.8600000,60.1000000,8081740
MOEX,D,24/09/14,000000,60.2700000,60.8500000,59.9500000,60.0000000,4678750
MOEX,D,25/09/14,000000,60.2900000,60.3000000,59.7600000,59.8600000,5165840
MOEX,D,26/09/14,000000,59.9200000,60.1000000,57.6100000,59.9800000,6481810
MOEX,D,29/09/14,000000,59.9000000,60.4000000,58.0500000,58.4900000,5733580
MOEX,D,30/09/14,000000,58.7500000,59.0000000,57.7500000,58.5000000,9188360
MOEX,D,01/10/14,000000,58.1000000,59.2000000,57.9800000,58.6000000,3878490
MOEX,D,02/10/14,000000,58.3500000,59.3600000,57.5700000,58.5200000,2870420
MOEX,D,03/10/14,000000,58.6200000,59.3000000,58.5700000,59.0000000,3650250
MOEX,D,06/10/14,000000,59.2400000,61.8000000,59.1800000,61.2000000,6013850
MOEX,D,07/10/14,000000,61.2100000,62.2800000,60.1000000,60.4400000,8408720
MOEX,D,08/10/14,000000,59.9200000,60.7800000,59.2500000,59.9400000,4914510
MOEX,D,09/10/14,000000,60.5000000,60.7000000,59.5000000,59.8000000,2281360
MOEX,D,10/10/14,000000,59.0200000,59.4900000,58.0000000,58.7000000,3775440
MOEX,D,13/10/14,000000,58.0600000,60.4400000,58.0600000,60.0000000,5087240
MOEX,D,14/10/14,000000,60.0000000,60.2400000,58.8300000,59.5500000,5821850
MOEX,D,15/10/14,000000,59.5500000,59.5600000,58.7600000,59.0000000,2509220
MOEX,D,16/10/14,000000,59.2100000,59.5900000,58.6800000,58.9900000,5746380
MOEX,D,17/10/14,000000,59.0500000,59.4200000,58.2300000,58.9000000,3779430
MOEX,D,20/10/14,000000,59.1800000,59.1900000,57.2200000,57.5000000,5138260
MOEX,D,21/10/14,000000,57.8500000,58.1000000,57.1600000,57.9500000,4316680
MOEX,D,22/10/14,000000,58.2000000,58.3400000,57.7500000,58.0000000,4205660
MOEX,D,23/10/14,000000,57.7700000,58.3600000,57.2000000,58.1000000,9016190
MOEX,D,24/10/14,000000,57.8800000,58.2000000,57.5300000,58.2000000,1736500
MOEX,D,27/10/14,000000,58.7100000,58.9300000,57.8000000,58.0000000,3066210
MOEX,D,28/10/14,000000,58.3100000,58.3100000,57.7100000,58.1300000,11360300
MOEX,D,29/10/14,000000,58.2500000,58.2500000,57.5100000,58.0000000,5712200
MOEX,D,30/10/14,000000,57.9600000,58.9500000,57.2500000,57.8900000,10394350
MOEX,D,31/10/14,000000,57.9600000,58.5000000,57.3000000,58.0000000,17473750
MOEX,D,03/11/14,000000,58.0200000,58.1400000,57.5000000,57.6700000,6178910
MOEX,D,05/11/14,000000,57.4000000,58.1700000,56.6100000,58.0000000,7823120
MOEX,D,06/11/14,000000,58.0500000,59.7900000,57.9300000,58.9900000,8645750
MOEX,D,07/11/14,000000,58.9800000,60.7500000,58.0700000,59.2800000,8149040
MOEX,D,10/11/14,000000,59.7100000,60.4500000,59.1000000,60.0000000,3721310
MOEX,D,11/11/14,000000,60.0000000,60.4400000,58.6200000,59.2900000,9155280
MOEX,D,12/11/14,000000,59.2500000,59.5900000,59.0100000,59.0900000,2620490
MOEX,D,13/11/14,000000,59.0900000,59.4100000,58.2500000,58.5000000,2613520
MOEX,D,14/11/14,000000,58.2800000,58.5000000,57.3400000,57.6000000,3820960
MOEX,D,17/11/14,000000,57.5000000,58.4100000,56.7900000,57.2000000,5251580
MOEX,D,18/11/14,000000,57.3000000,58.4500000,56.8200000,57.9000000,5648820
MOEX,D,19/11/14,000000,58.4900000,61.0000000,58.2000000,60.5000000,10127300
MOEX,D,20/11/14,000000,60.8900000,62.2500000,59.8600000,62.0700000,8088000
MOEX,D,21/11/14,000000,62.1000000,63.5000000,61.6300000,63.5000000,7336260
MOEX,D,24/11/14,000000,63.4000000,64.3100000,62.3800000,62.8900000,6970250
MOEX,D,25/11/14,000000,62.5200000,62.8900000,61.1500000,61.6000000,15207170
MOEX,D,26/11/14,000000,61.5100000,61.6100000,60.0000000,60.3400000,4492950
MOEX,D,27/11/14,000000,60.3000000,61.0000000,58.8700000,59.0000000,6119830
MOEX,D,28/11/14,000000,58.5500000,60.7500000,58.0000000,59.8300000,6350990
MOEX,D,01/12/14,000000,59.6500000,60.3500000,58.6600000,60.0100000,5917350
MOEX,D,02/12/14,000000,60.2100000,60.5900000,58.1500000,59.0800000,4814540
MOEX,D,03/12/14,000000,59.4100000,61.9600000,58.9100000,60.7800000,9805130
MOEX,D,04/12/14,000000,60.8400000,62.4000000,60.1100000,62.0000000,10690110
MOEX,D,05/12/14,000000,62.1000000,63.4500000,60.6000000,62.3700000,11699110
MOEX,D,08/12/14,000000,62.4700000,63.4500000,59.2000000,60.1500000,5421200
MOEX,D,09/12/14,000000,60.0600000,60.6500000,59.4500000,60.0500000,8127700
MOEX,D,10/12/14,000000,60.3600000,62.2600000,60.0900000,61.3000000,3041380
MOEX,D,11/12/14,000000,61.1600000,63.0500000,60.0000000,60.9500000,9392620
MOEX,D,12/12/14,000000,60.3500000,63.5000000,58.7000000,61.9700000,8068840
MOEX,D,15/12/14,000000,61.5500000,61.9400000,60.2000000,61.1000000,8581980
MOEX,D,16/12/14,000000,61.4900000,62.5400000,55.9000000,60.0000000,14472220
MOEX,D,17/12/14,000000,59.9900000,63.5000000,58.5800000,61.9100000,9057530
MOEX,D,18/12/14,000000,61.9000000,62.8000000,59.2200000,61.5000000,8652130
MOEX,D,19/12/14,000000,61.1300000,62.0000000,59.1500000,62.0000000,4523360
MOEX,D,22/12/14,000000,61.6300000,62.9200000,61.1100000,62.2200000,5407330
MOEX,D,23/12/14,000000,62.5000000,62.7400000,61.5500000,61.8400000,4441690
MOEX,D,24/12/14,000000,61.8800000,62.0900000,60.6500000,61.8800000,1942550
MOEX,D,25/12/14,000000,61.5000000,61.9500000,61.0500000,61.1600000,745250
MOEX,D,26/12/14,000000,60.9800000,62.0000000,60.9800000,61.9500000,3909400
MOEX,D,29/12/14,000000,61.6500000,62.7500000,60.3000000,61.0000000,13252510
MOEX,D,30/12/14,000000,60.7500000,62.4400000,59.0600000,59.0600000,6112710
MOEX,D,05/01/15,000000,59.5100000,61.1000000,59.5000000,60.4000000,2012510
MOEX,D,06/01/15,000000,60.3000000,61.9900000,60.0400000,61.9000000,2284780
MOEX,D,08/01/15,000000,61.7700000,64.7000000,61.5100000,61.9000000,4946470
MOEX,D,09/01/15,000000,61.9200000,62.0500000,60.0200000,60.1400000,1818220
MOEX,D,12/01/15,000000,60.7300000,60.9900000,59.0500000,59.5900000,2919690
MOEX,D,13/01/15,000000,59.4300000,60.1400000,58.5100000,58.5100000,4360050
MOEX,D,14/01/15,000000,58.5900000,61.8000000,58.5500000,61.2200000,5550540
MOEX,D,15/01/15,000000,61.5100000,62.6500000,61.0000000,61.8000000,5300600
MOEX,D,16/01/15,000000,61.7000000,62.7300000,61.2400000,62.5000000,2641110
MOEX,D,19/01/15,000000,62.5000000,64.2500000,62.1200000,63.4500000,7990950
MOEX,D,20/01/15,000000,63.3100000,63.8500000,61.8000000,62.0000000,4323170
MOEX,D,21/01/15,000000,62.5100000,64.9700000,62.0100000,64.5000000,12703760
MOEX,D,22/01/15,000000,64.6600000,68.0000000,64.4500000,68.0000000,8596170
MOEX,D,23/01/15,000000,66.9600000,69.7500000,66.3900000,69.1100000,8613480
MOEX,D,26/01/15,000000,68.1700000,68.4300000,66.6000000,66.6000000,2595230
MOEX,D,27/01/15,000000,66.6100000,67.8400000,66.0500000,67.8400000,2765040
MOEX,D,28/01/15,000000,67.8200000,69.4500000,67.2500000,68.0000000,6399460
MOEX,D,29/01/15,000000,68.3400000,69.7500000,67.4800000,69.3000000,5587000
MOEX,D,30/01/15,000000,69.1500000,71.0000000,68.8100000,70.0000000,7564970
MOEX,D,02/02/15,000000,70.4500000,72.8900000,68.7200000,69.6600000,5262620
MOEX,D,03/02/15,000000,69.9900000,74.7100000,69.9900000,73.5000000,8532280
MOEX,D,04/02/15,000000,74.4400000,74.7400000,72.6100000,73.3000000,2920230
MOEX,D,05/02/15,000000,73.0100000,73.6000000,71.1000000,72.0000000,3818030
MOEX,D,06/02/15,000000,72.4700000,74.8000000,72.4200000,74.8000000,4636670
MOEX,D,09/02/15,000000,74.3000000,78.0000000,74.1800000,74.2000000,6518130
MOEX,D,10/02/15,000000,74.6000000,76.0200000,71.1100000,71.2600000,6396760
MOEX,D,11/02/15,000000,72.2700000,72.9800000,70.3800000,70.5000000,8493190
MOEX,D,12/02/15,000000,71.0800000,77.4900000,68.2300000,72.5000000,27245440
MOEX,D,13/02/15,000000,72.8100000,74.2500000,72.0400000,72.5000000,5854940
MOEX,D,16/02/15,000000,72.5100000,74.9800000,71.5000000,74.8800000,3721620
MOEX,D,17/02/15,000000,75.0000000,75.9900000,73.5000000,75.4500000,3619120
MOEX,D,18/02/15,000000,76.1500000,78.4000000,75.1400000,78.4000000,8026350
MOEX,D,19/02/15,000000,78.0000000,78.2100000,75.8000000,76.7500000,4816720
MOEX,D,20/02/15,000000,76.9000000,78.1500000,75.0000000,75.6900000,4846240
MOEX,D,24/02/15,000000,73.0500000,78.3900000,72.7200000,76.5000000,12980880
MOEX,D,25/02/15,000000,76.7100000,77.3500000,75.8600000,76.6000000,3289940
MOEX,D,26/02/15,000000,77.0000000,78.9300000,76.2300000,77.4500000,6500760
MOEX,D,27/02/15,000000,77.1100000,78.1500000,75.8100000,76.9000000,4453770
MOEX,D,02/03/15,000000,76.2100000,78.0400000,76.0100000,76.0100000,4461270
MOEX,D,03/03/15,000000,76.0000000,76.9500000,73.7000000,74.8800000,6763420
MOEX,D,04/03/15,000000,74.8500000,75.3900000,69.7400000,70.6700000,11730100
MOEX,D,05/03/15,000000,71.2100000,71.3400000,69.2000000,70.0000000,9168530
MOEX,D,06/03/15,000000,70.8500000,72.3000000,68.7200000,69.0000000,9555310
MOEX,D,10/03/15,000000,68.5800000,68.9600000,64.4000000,65.0000000,16709960
MOEX,D,11/03/15,000000,65.2700000,68.3400000,65.2700000,67.9000000,16686010
MOEX,D,12/03/15,000000,68.8900000,69.4000000,66.5200000,69.2000000,16205860
MOEX,D,13/03/15,000000,68.9300000,69.9800000,65.8100000,67.3000000,7373180
MOEX,D,16/03/15,000000,67.0000000,68.2500000,66.0300000,67.2600000,5010530
MOEX,D,17/03/15,000000,68.0300000,69.5000000,66.4700000,66.5000000,6320350
MOEX,D,18/03/15,000000,67.0300000,68.1600000,66.6500000,67.7000000,3281060
MOEX,D,19/03/15,000000,68.1000000,68.5400000,66.7700000,66.9900000,3646280
MOEX,D,20/03/15,000000,67.1000000,67.6400000,65.8000000,65.8000000,4340590
MOEX,D,23/03/15,000000,66.2700000,67.7500000,64.9100000,65.9800000,11278450
MOEX,D,24/03/15,000000,65.8300000,69.2500000,65.5200000,69.0000000,9213460
MOEX,D,25/03/15,000000,68.8000000,69.4800000,68.5900000,69.2500000,4384550
MOEX,D,26/03/15,000000,69.5900000,70.3200000,68.7100000,69.4300000,6835660
MOEX,D,27/03/15,000000,69.4900000,69.8000000,66.3500000,66.6500000,6329130
MOEX,D,30/03/15,000000,66.1300000,69.1900000,66.1000000,68.9900000,7036330
MOEX,D,31/03/15,000000,68.7500000,69.0000000,67.6000000,69.0000000,5793770
MOEX,D,01/04/15,000000,68.6500000,70.6000000,68.3100000,70.2600000,7834370
MOEX,D,02/04/15,000000,71.0700000,75.4900000,70.7100000,75.4900000,14991330
MOEX,D,03/04/15,000000,75.5000000,75.6100000,73.8000000,74.7500000,4631020
MOEX,D,06/04/15,000000,74.6900000,76.5000000,74.5600000,76.4900000,4821750
MOEX,D,07/04/15,000000,76.4900000,77.7600000,76.0000000,77.0100000,5603760
MOEX,D,08/04/15,000000,76.7000000,77.3100000,74.1800000,75.2000000,8874270
MOEX,D,09/04/15,000000,74.9000000,76.0000000,71.8200000,72.3000000,10836080
MOEX,D,10/04/15,000000,72.5300000,74.3600000,71.0000000,73.5000000,9435710
MOEX,D,13/04/15,000000,73.4600000,74.9500000,73.3400000,74.5000000,5233860
MOEX,D,14/04/15,000000,74.4200000,75.5000000,72.6600000,73.4000000,5157180
MOEX,D,15/04/15,000000,73.4000000,73.8900000,72.0100000,73.3000000,4671500
MOEX,D,16/04/15,000000,73.6300000,76.3200000,73.6300000,76.0000000,5484470
MOEX,D,17/04/15,000000,75.9900000,76.7000000,73.6000000,73.6000000,7522850
MOEX,D,20/04/15,000000,74.0400000,76.0000000,74.0400000,75.5900000,5112670
MOEX,D,21/04/15,000000,75.1400000,76.4300000,75.0700000,76.1000000,2826180
MOEX,D,22/04/15,000000,76.1200000,76.4700000,74.8700000,75.8000000,6885940
MOEX,D,23/04/15,000000,75.4400000,76.0600000,74.0100000,74.0100000,4298250
MOEX,D,24/04/15,000000,74.8000000,75.2000000,73.1200000,75.2000000,5657730
MOEX,D,27/04/15,000000,75.2200000,78.5000000,74.8900000,76.6500000,12327360
MOEX,D,28/04/15,000000,76.7800000,76.8500000,73.6900000,74.3500000,7919040
MOEX,D,29/04/15,000000,74.6900000,75.7700000,73.8500000,74.0300000,5476730
MOEX,D,30/04/15,000000,74.0000000,77.5800000,73.7000000,77.0000000,6807030
MOEX,D,05/05/15,000000,76.7500000,79.4000000,76.6800000,79.4000000,10900870
MOEX,D,06/05/15,000000,79.0100000,79.5200000,77.9000000,78.8000000,4581890
MOEX,D,07/05/15,000000,77.9300000,78.1000000,75.3500000,76.0000000,6907840
MOEX,D,08/05/15,000000,74.0400000,74.1000000,72.0200000,73.4900000,7064020
MOEX,D,12/05/15,000000,73.5500000,75.4500000,73.2700000,74.5000000,5327650
MOEX,D,13/05/15,000000,74.7800000,75.4600000,73.0300000,73.5000000,4682130
MOEX,D,14/05/15,000000,74.1200000,74.9200000,71.0500000,71.4000000,7213380
MOEX,D,15/05/15,000000,71.9700000,72.8600000,71.6200000,72.2500000,2702580
MOEX,D,18/05/15,000000,72.8100000,74.4500000,72.6300000,73.5400000,5055040
MOEX,D,19/05/15,000000,74.0000000,74.1000000,72.3000000,72.6300000,3512910
MOEX,D,20/05/15,000000,72.7600000,74.1900000,71.0700000,73.1800000,6208490
MOEX,D,21/05/15,000000,73.3600000,74.9800000,73.3500000,74.8200000,4817510
MOEX,D,22/05/15,000000,74.3000000,75.6900000,74.2400000,75.1500000,3022460
MOEX,D,25/05/15,000000,74.6500000,75.6900000,74.5100000,75.4700000,2138010
MOEX,D,26/05/15,000000,74.6400000,75.7700000,73.0000000,74.3000000,4565810
MOEX,D,27/05/15,000000,74.2000000,74.2000000,72.0800000,72.8900000,5959620
MOEX,D,28/05/15,000000,72.8900000,72.9900000,70.4200000,71.2300000,7378040
MOEX,D,29/05/15,000000,71.3000000,72.8200000,70.1000000,72.0000000,19694680
MOEX,D,01/06/15,000000,72.3200000,72.4400000,71.4500000,72.2300000,3818850
MOEX,D,02/06/15,000000,72.0900000,74.2000000,70.5500000,73.5000000,11410150
MOEX,D,03/06/15,000000,73.7900000,74.0000000,71.1500000,71.1500000,6127390
MOEX,D,04/06/15,000000,71.4800000,72.0000000,69.9000000,70.5500000,8778300
MOEX,D,05/06/15,000000,70.3400000,73.0000000,70.1900000,72.8000000,6093440
MOEX,D,08/06/15,000000,73.0000000,74.2900000,72.2000000,72.2000000,4838570
MOEX,D,09/06/15,000000,72.5600000,73.0000000,71.3800000,72.2500000,4990880
MOEX,D,10/06/15,000000,72.4300000,72.6200000,71.0000000,71.5000000,5215400
MOEX,D,11/06/15,000000,71.9000000,72.1000000,71.0500000,71.6500000,4283130
MOEX,D,15/06/15,000000,71.8100000,72.2200000,70.4000000,71.5500000,5339360
MOEX,D,16/06/15,000000,71.7900000,72.0000000,71.0000000,71.0000000,2557200
MOEX,D,17/06/15,000000,70.8000000,72.9400000,70.7000000,72.7700000,6703610
MOEX,D,18/06/15,000000,72.8500000,73.0100000,71.3000000,71.3100000,2831360
MOEX,D,19/06/15,000000,71.3400000,72.2000000,71.1000000,71.1500000,3622510
MOEX,D,22/06/15,000000,71.0100000,72.1000000,70.3100000,70.6400000,4996900
MOEX,D,23/06/15,000000,70.7800000,71.1500000,69.2100000,69.2100000,5153960
MOEX,D,24/06/15,000000,69.3600000,69.5400000,67.5500000,67.8500000,5995880
MOEX,D,25/06/15,000000,67.9800000,69.4000000,67.7700000,68.2100000,4829430
MOEX,D,26/06/15,000000,68.3000000,69.9000000,68.0000000,69.5900000,3989670
MOEX,D,29/06/15,000000,69.2000000,69.3800000,68.0100000,69.3800000,4398800
MOEX,D,30/06/15,000000,68.3400000,69.8200000,68.3300000,69.8200000,4754760
MOEX,D,01/07/15,000000,69.6500000,69.7800000,68.4700000,68.8000000,2625450
MOEX,D,02/07/15,000000,68.8900000,69.5700000,68.7200000,69.5700000,3150430
MOEX,D,03/07/15,000000,69.4500000,69.4600000,68.1100000,68.5300000,4148160
MOEX,D,06/07/15,000000,68.1900000,68.3000000,66.6600000,66.9900000,5027580
MOEX,D,07/07/15,000000,67.1300000,67.5500000,65.2700000,66.4900000,7889630
MOEX,D,08/07/15,000000,66.3000000,66.8300000,65.4900000,66.5900000,4643830
MOEX,D,09/07/15,000000,66.9000000,67.9400000,66.7000000,67.0100000,4942060
MOEX,D,10/07/15,000000,67.4100000,67.7000000,65.8800000,66.1000000,5275800
MOEX,D,13/07/15,000000,66.3300000,67.6800000,66.1100000,67.5700000,3900340
MOEX,D,14/07/15,000000,67.7500000,70.3700000,67.1700000,70.2400000,8320160
MOEX,D,15/07/15,000000,69.9800000,72.2300000,69.6600000,72.2300000,7411930
MOEX,D,16/07/15,000000,72.0800000,72.4700000,71.4000000,71.9800000,4977980
MOEX,D,17/07/15,000000,71.9700000,72.4000000,71.6000000,71.8900000,2449010
MOEX,D,20/07/15,000000,71.9700000,72.0200000,70.2000000,70.2000000,3177520
MOEX,D,21/07/15,000000,70.2300000,71.8600000,70.2300000,70.4500000,4064930
MOEX,D,22/07/15,000000,70.3300000,70.6300000,69.1500000,70.0000000,5686950
MOEX,D,23/07/15,000000,70.0000000,70.0000000,68.7800000,68.9500000,3743190
MOEX,D,24/07/15,000000,68.9500000,69.7500000,68.0200000,68.1100000,2967910
MOEX,D,27/07/15,000000,68.2000000,69.2000000,66.8100000,67.7500000,6169690
MOEX,D,28/07/15,000000,67.7600000,70.7100000,67.7300000,69.9100000,7512240
MOEX,D,29/07/15,000000,70.1700000,70.6700000,69.7000000,69.7000000,4530840
MOEX,D,30/07/15,000000,69.8400000,70.5900000,69.8400000,70.5900000,3159060
MOEX,D,31/07/15,000000,70.3700000,71.6900000,69.8400000,70.5000000,5765780
MOEX,D,03/08/15,000000,70.7500000,71.2900000,70.0600000,70.5000000,3033360
MOEX,D,04/08/15,000000,70.4700000,71.2300000,70.0100000,70.5000000,3128010
MOEX,D,05/08/15,000000,71.1800000,72.7500000,71.1800000,72.2000000,5190840
MOEX,D,06/08/15,000000,72.4100000,74.0000000,71.6000000,73.3100000,10013560
MOEX,D,07/08/15,000000,73.4700000,74.6900000,73.3300000,74.4000000,3952220
MOEX,D,10/08/15,000000,74.4100000,74.4400000,72.2600000,73.6000000,5192560
MOEX,D,11/08/15,000000,73.5000000,74.2000000,73.2500000,73.6000000,7647400
MOEX,D,12/08/15,000000,73.7500000,74.8400000,73.2100000,74.0000000,4151700
MOEX,D,13/08/15,000000,74.4100000,75.2200000,73.2000000,75.2000000,4770340
MOEX,D,14/08/15,000000,74.6600000,76.8000000,74.2200000,76.1800000,4104180
MOEX,D,17/08/15,000000,75.0000000,76.7400000,74.6600000,76.0000000,3098820
MOEX,D,18/08/15,000000,75.5100000,76.3600000,74.1300000,75.2000000,2689580
MOEX,D,19/08/15,000000,75.1100000,76.2000000,74.1800000,74.3000000,3457020
MOEX,D,20/08/15,000000,74.1900000,75.5000000,74.1600000,74.5200000,3087950
MOEX,D,21/08/15,000000,74.5200000,74.9700000,71.8000000,71.8000000,4115580
MOEX,D,24/08/15,000000,70.0000000,71.3700000,66.5500000,69.5000000,8760950
MOEX,D,25/08/15,000000,70.0000000,71.7800000,69.5000000,71.4000000,6637160
MOEX,D,26/08/15,000000,71.1800000,71.6600000,70.1500000,71.1000000,3712830
MOEX,D,27/08/15,000000,71.6100000,74.5500000,71.1200000,73.4200000,7765840
MOEX,D,28/08/15,000000,74.3000000,74.5700000,72.3000000,74.0000000,6326290
MOEX,D,31/08/15,000000,73.7100000,74.3200000,73.0500000,74.3100000,4311200
MOEX,D,01/09/15,000000,74.0100000,76.6000000,73.8700000,76.6000000,10673570
MOEX,D,02/09/15,000000,76.1800000,76.8000000,74.6700000,74.9100000,5655720
MOEX,D,03/09/15,000000,75.3100000,76.4300000,75.3000000,75.4300000,5010330
MOEX,D,04/09/15,000000,75.3200000,76.4000000,74.8200000,76.1000000,3490230
MOEX,D,07/09/15,000000,76.2300000,76.2300000,73.0800000,73.9900000,5076090
MOEX,D,08/09/15,000000,74.0900000,75.1800000,73.8000000,75.0000000,4537280
MOEX,D,09/09/15,000000,75.2500000,76.7700000,74.8800000,74.8800000,5178030
MOEX,D,10/09/15,000000,74.9300000,78.0000000,74.6200000,77.6100000,7754900
MOEX,D,11/09/15,000000,77.7900000,80.8900000,77.7900000,80.5900000,12476700
MOEX,D,14/09/15,000000,80.5100000,84.4800000,80.0100000,81.9700000,12421060
MOEX,D,15/09/15,000000,82.5900000,82.5900000,78.9200000,79.9900000,6550170
MOEX,D,16/09/15,000000,80.3000000,80.6800000,79.0900000,79.3100000,3771700
MOEX,D,17/09/15,000000,79.4100000,83.9700000,79.1200000,81.8800000,7783950
MOEX,D,18/09/15,000000,82.0800000,82.8700000,80.0000000,80.0000000,5266530
MOEX,D,21/09/15,000000,80.6600000,81.7000000,80.0300000,80.8900000,2860910
MOEX,D,22/09/15,000000,80.8500000,81.5400000,79.8300000,79.9900000,4038690
MOEX,D,23/09/15,000000,80.2900000,80.9000000,79.0000000,79.0000000,4539210
MOEX,D,24/09/15,000000,79.5900000,81.3800000,78.7100000,79.4000000,5446590
MOEX,D,25/09/15,000000,79.9800000,80.9900000,78.2300000,80.4800000,7719460
MOEX,D,28/09/15,000000,80.5000000,81.1600000,77.2000000,77.5000000,3454440
MOEX,D,29/09/15,000000,77.5000000,79.5000000,77.0100000,79.5000000,4413470
MOEX,D,30/09/15,000000,79.7000000,80.8400000,79.0000000,80.0000000,7228890
MOEX,D,01/10/15,000000,80.4700000,80.8300000,78.1200000,79.1500000,2635490
MOEX,D,02/10/15,000000,79.0200000,79.4200000,76.1500000,77.6000000,5421140
MOEX,D,05/10/15,000000,78.0200000,80.5700000,77.7700000,78.7900000,4906820
MOEX,D,06/10/15,000000,78.6100000,82.0800000,78.2300000,81.5000000,5874620
MOEX,D,07/10/15,000000,82.4900000,83.9000000,79.6200000,83.6800000,7241920
MOEX,D,08/10/15,000000,83.3200000,84.2300000,82.8500000,83.0500000,3126320
MOEX,D,09/10/15,000000,83.3200000,86.4500000,82.5000000,85.4000000,10378750
MOEX,D,12/10/15,000000,85.4000000,88.2000000,85.2100000,88.2000000,6675020
MOEX,D,13/10/15,000000,87.9800000,88.7100000,85.9800000,86.9500000,6486090
MOEX,D,14/10/15,000000,86.5000000,88.1600000,84.0400000,85.7000000,10915720
MOEX,D,15/10/15,000000,85.0100000,86.6200000,83.5000000,83.5400000,6893690
MOEX,D,16/10/15,000000,83.9900000,85.9800000,83.7000000,85.9000000,8176300
MOEX,D,19/10/15,000000,85.7200000,86.6200000,84.5500000,86.3000000,4028750
MOEX,D,20/10/15,000000,86.3500000,86.4000000,84.1300000,86.2500000,4448030
MOEX,D,21/10/15,000000,85.9600000,85.9900000,84.7000000,85.9900000,2018660
MOEX,D,22/10/15,000000,85.9500000,89.5000000,85.3400000,88.2900000,6356740
MOEX,D,23/10/15,000000,88.3400000,92.8000000,87.6500000,92.0000000,12939960
MOEX,D,26/10/15,000000,92.0000000,95.6800000,90.3000000,95.1000000,10120290
MOEX,D,27/10/15,000000,94.4900000,95.4500000,89.8400000,92.0500000,10672570
MOEX,D,28/10/15,000000,91.7500000,92.4000000,90.2000000,91.7000000,4242150
MOEX,D,29/10/15,000000,91.7000000,91.8700000,90.5000000,91.3100000,2570280
MOEX,D,30/10/15,000000,91.2900000,92.1200000,89.8400000,89.8400000,3010880
MOEX,D,02/11/15,000000,90.0400000,92.3000000,90.0000000,91.9900000,4315960
MOEX,D,03/11/15,000000,91.9700000,93.5700000,91.2000000,91.5000000,7646890
MOEX,D,05/11/15,000000,92.4800000,93.4400000,90.0300000,91.3000000,6233450
MOEX,D,06/11/15,000000,90.9500000,92.1700000,90.3000000,90.8100000,4636790
MOEX,D,09/11/15,000000,90.1200000,91.5000000,89.0900000,90.1900000,4826170
MOEX,D,10/11/15,000000,89.8800000,91.5000000,89.2300000,90.5000000,7289760
MOEX,D,11/11/15,000000,90.0200000,92.4000000,89.4200000,91.0000000,6758670
MOEX,D,12/11/15,000000,91.0000000,91.6000000,86.8400000,87.2800000,10751370
MOEX,D,13/11/15,000000,87.0200000,88.5000000,85.7600000,87.2400000,7638800
MOEX,D,16/11/15,000000,86.9000000,91.1800000,86.7800000,91.0000000,9612330
MOEX,D,17/11/15,000000,91.1500000,95.7800000,91.1500000,94.4000000,15236600
MOEX,D,18/11/15,000000,93.9000000,95.2100000,93.1400000,93.5000000,4910200
MOEX,D,19/11/15,000000,93.9400000,95.6800000,92.1800000,93.0900000,7067300
MOEX,D,20/11/15,000000,93.0400000,93.0400000,91.1000000,92.8900000,8192780
MOEX,D,23/11/15,000000,92.8900000,94.5000000,92.1400000,94.0100000,4078290
MOEX,D,24/11/15,000000,94.1600000,94.4700000,91.1000000,93.9400000,6836350
MOEX,D,25/11/15,000000,93.9000000,95.3000000,93.3100000,94.0500000,3581900
MOEX,D,26/11/15,000000,94.3000000,95.4000000,94.0000000,94.8000000,2419270
MOEX,D,27/11/15,000000,94.6000000,102.2300000,92.4600000,97.0000000,9102670
MOEX,D,30/11/15,000000,96.7000000,98.6700000,93.7000000,94.5000000,9490060
MOEX,D,01/12/15,000000,94.6300000,97.1500000,93.8000000,96.0000000,7695480
MOEX,D,02/12/15,000000,95.3300000,95.8000000,94.3900000,94.6900000,5177190
MOEX,D,03/12/15,000000,94.3500000,94.9900000,93.6400000,94.0200000,2151380
MOEX,D,04/12/15,000000,94.3000000,94.5800000,92.0000000,93.8000000,4996150
MOEX,D,07/12/15,000000,93.5300000,94.4500000,92.7600000,93.5900000,3425080
MOEX,D,08/12/15,000000,93.2400000,93.7100000,89.2500000,90.2500000,5765260
MOEX,D,09/12/15,000000,90.7500000,92.1200000,87.6700000,88.3000000,6257500
MOEX,D,10/12/15,000000,88.3200000,90.0400000,88.2500000,89.2700000,7055170
MOEX,D,11/12/15,000000,89.3700000,90.7000000,86.9500000,90.7000000,7227940
MOEX,D,14/12/15,000000,90.2500000,90.8000000,88.7200000,88.8000000,4427950
MOEX,D,15/12/15,000000,89.3600000,95.2800000,89.1700000,94.9000000,9289460
MOEX,D,16/12/15,000000,94.8900000,96.8300000,92.3000000,92.3000000,8434580
MOEX,D,17/12/15,000000,92.7400000,95.5000000,92.5600000,94.2100000,5927050
MOEX,D,18/12/15,000000,94.0900000,94.8300000,92.0000000,94.8200000,3825340
MOEX,D,21/12/15,000000,94.5000000,96.4700000,93.9000000,96.0000000,4443070
MOEX,D,22/12/15,000000,96.2200000,96.6900000,94.4100000,95.7500000,7659350
MOEX,D,23/12/15,000000,96.0000000,96.7200000,95.0200000,96.5000000,3829800
MOEX,D,24/12/15,000000,96.6400000,96.8800000,95.0500000,95.5700000,2536140
MOEX,D,25/12/15,000000,95.5600000,96.0900000,94.5000000,94.7200000,2381870
MOEX,D,28/12/15,000000,94.7900000,95.1300000,93.5500000,93.5500000,2036020
MOEX,D,29/12/15,000000,93.7900000,94.9300000,92.5500000,93.6200000,2496740
MOEX,D,30/12/15,000000,93.8100000,94.2600000,91.4000000,91.4000000,3870970
MOEX,D,04/01/16,000000,91.3200000,91.8500000,90.1200000,91.8500000,3229540
MOEX,D,05/01/16,000000,91.8300000,94.4700000,91.8100000,94.3000000,4923030
MOEX,D,06/01/16,000000,94.3400000,94.8700000,93.8800000,94.4400000,2463000
MOEX,D,11/01/16,000000,92.3100000,95.8400000,91.0000000,94.5000000,6217680
MOEX,D,12/01/16,000000,94.4000000,97.0000000,93.1300000,93.7500000,4783210
MOEX,D,13/01/16,000000,93.8900000,94.7000000,91.5000000,91.6000000,6294260
MOEX,D,14/01/16,000000,91.8600000,92.8200000,90.2600000,91.6500000,9267230
MOEX,D,15/01/16,000000,91.8100000,91.9700000,86.5900000,86.5900000,11265380
MOEX,D,18/01/16,000000,86.0000000,90.7300000,85.2000000,90.1500000,10136980
MOEX,D,19/01/16,000000,92.1100000,92.3000000,88.7500000,90.4500000,6605480
MOEX,D,20/01/16,000000,89.5600000,92.0700000,88.0000000,90.2100000,10929380
MOEX,D,21/01/16,000000,90.5300000,91.8600000,89.0500000,90.0000000,11980430
MOEX,D,22/01/16,000000,91.1400000,91.4500000,88.5000000,90.2800000,11759140
MOEX,D,25/01/16,000000,90.7700000,90.8500000,89.5100000,90.0000000,4008250
MOEX,D,26/01/16,000000,89.9000000,90.5000000,89.3200000,90.0000000,5471300
MOEX,D,27/01/16,000000,90.2700000,93.9000000,89.6300000,93.6500000,7701290
MOEX,D,28/01/16,000000,93.4000000,95.1500000,91.2700000,92.7000000,8978100
MOEX,D,29/01/16,000000,93.0000000,96.0000000,92.5300000,95.9900000,10672760
MOEX,D,01/02/16,000000,95.2500000,96.6700000,94.1200000,96.5000000,6215290
MOEX,D,02/02/16,000000,96.1200000,96.6800000,94.9300000,96.2000000,5459240
MOEX,D,03/02/16,000000,95.7300000,100.7000000,95.2100000,99.6000000,7427600
MOEX,D,04/02/16,000000,95.0000000,95.9900000,92.2000000,92.3000000,48046220
MOEX,D,05/02/16,000000,93.1900000,95.0000000,92.5200000,93.0300000,13053870
MOEX,D,08/02/16,000000,93.3900000,94.0000000,90.6000000,91.1400000,8194470
MOEX,D,09/02/16,000000,91.2100000,91.9500000,90.1200000,91.0900000,7255340
MOEX,D,10/02/16,000000,90.8000000,91.5000000,90.0800000,90.9500000,7570140
MOEX,D,11/02/16,000000,91.0000000,91.1600000,87.7900000,89.0000000,11396560
MOEX,D,12/02/16,000000,89.8000000,90.2900000,88.2000000,89.5800000,13064060
MOEX,D,15/02/16,000000,90.3000000,90.7600000,88.7500000,90.4000000,10586680
MOEX,D,16/02/16,000000,90.7500000,91.7700000,90.4400000,91.0000000,8381730
MOEX,D,17/02/16,000000,91.0500000,91.6000000,90.0900000,91.0000000,6053490
MOEX,D,18/02/16,000000,91.2500000,92.8900000,91.2500000,92.4700000,8044290
MOEX,D,19/02/16,000000,92.0700000,92.0700000,89.0100000,89.9500000,5999500
MOEX,D,20/02/16,000000,90.2600000,90.7300000,90.0200000,90.4800000,1369540
MOEX,D,22/02/16,000000,90.6200000,92.3200000,90.5700000,92.0900000,5295000
MOEX,D,24/02/16,000000,91.3600000,93.3000000,91.0300000,93.2000000,10646310
MOEX,D,25/02/16,000000,93.2700000,95.1000000,93.2500000,95.0900000,10615220
MOEX,D,26/02/16,000000,95.2000000,97.4300000,94.9000000,96.8100000,18610020
MOEX,D,29/02/16,000000,96.1300000,99.0000000,95.7100000,99.0000000,8962430
MOEX,D,01/03/16,000000,99.0000000,99.3200000,97.1700000,97.8000000,7197970
MOEX,D,02/03/16,000000,98.2500000,98.7000000,97.6000000,97.6000000,5421420
MOEX,D,03/03/16,000000,98.5000000,99.2500000,96.6500000,97.7000000,8803330
MOEX,D,04/03/16,000000,98.6000000,99.4300000,97.3000000,99.0000000,12184620
MOEX,D,07/03/16,000000,99.1700000,100.9000000,98.3000000,100.5000000,10634310
MOEX,D,09/03/16,000000,100.1000000,100.7800000,98.9500000,99.9000000,5925560
MOEX,D,10/03/16,000000,100.0800000,102.5000000,99.7600000,101.9200000,8893160
MOEX,D,11/03/16,000000,102.3800000,103.8500000,101.1600000,101.4000000,7677940
MOEX,D,14/03/16,000000,101.1000000,104.4800000,100.6000000,103.8500000,11631260
MOEX,D,15/03/16,000000,103.9500000,105.3000000,102.7000000,103.7000000,18671180
MOEX,D,16/03/16,000000,103.1400000,106.0600000,103.1100000,105.7000000,14844800
MOEX,D,17/03/16,000000,106.2300000,108.1000000,105.2100000,105.7800000,12595370
MOEX,D,18/03/16,000000,106.0000000,108.7700000,105.2000000,105.2000000,27157150
MOEX,D,21/03/16,000000,105.7600000,106.3000000,104.2500000,104.2500000,11228620
MOEX,D,22/03/16,000000,104.4700000,105.9400000,102.6600000,103.4900000,9396270
MOEX,D,23/03/16,000000,102.9900000,104.9100000,102.7700000,104.4900000,9350550
MOEX,D,24/03/16,000000,104.1300000,105.3000000,103.7700000,104.6000000,7441760
MOEX,D,25/03/16,000000,104.8400000,105.7400000,104.2000000,104.8800000,2485420
MOEX,D,28/03/16,000000,105.0000000,105.9800000,102.6500000,103.1800000,5014360
MOEX,D,29/03/16,000000,103.1700000,103.2000000,99.2000000,100.9100000,11982730
MOEX,D,30/03/16,000000,101.3500000,102.2600000,99.9000000,101.8100000,11986780
MOEX,D,31/03/16,000000,101.8100000,105.0500000,101.0200000,105.0500000,13622710
MOEX,D,01/04/16,000000,104.7000000,105.0500000,103.1100000,105.0500000,9256810
MOEX,D,04/04/16,000000,104.9200000,105.4900000,103.3500000,103.5200000,5310890
MOEX,D,05/04/16,000000,103.0600000,103.0900000,101.3400000,102.4000000,5758700
MOEX,D,06/04/16,000000,103.0000000,103.3700000,102.0500000,102.6700000,5880540
MOEX,D,07/04/16,000000,103.1900000,103.3600000,101.5000000,103.0000000,5036820
MOEX,D,08/04/16,000000,103.2000000,104.9900000,102.5000000,104.2000000,5984550
MOEX,D,11/04/16,000000,104.4000000,105.3800000,103.9600000,104.5500000,5341450
MOEX,D,12/04/16,000000,104.5500000,105.4900000,103.5500000,104.9000000,6134340
MOEX,D,13/04/16,000000,104.9000000,106.0000000,104.4100000,104.9000000,8649890
MOEX,D,14/04/16,000000,104.3100000,104.7500000,102.1600000,103.4700000,7790160
MOEX,D,15/04/16,000000,102.9000000,103.4800000,101.6500000,102.0500000,4075810
MOEX,D,18/04/16,000000,100.8700000,104.2400000,100.5800000,104.0000000,7943330
MOEX,D,19/04/16,000000,104.2400000,107.0500000,103.7300000,107.0500000,9851110
MOEX,D,20/04/16,000000,106.7000000,112.5400000,106.5100000,108.8400000,12714520
MOEX,D,21/04/16,000000,109.7500000,111.7000000,107.2100000,108.7000000,6618020
MOEX,D,22/04/16,000000,109.0300000,109.9500000,107.9200000,109.9500000,12183680
MOEX,D,25/04/16,000000,109.9800000,110.7200000,107.6100000,109.2500000,4933770
MOEX,D,26/04/16,000000,109.0000000,109.0000000,103.9900000,103.9900000,11676040
MOEX,D,27/04/16,000000,104.1200000,105.3000000,102.6600000,103.3600000,6523160
MOEX,D,28/04/16,000000,103.5300000,104.7400000,101.1300000,104.7100000,11289370
MOEX,D,29/04/16,000000,104.2200000,105.3000000,101.5500000,102.1500000,8982040
MOEX,D,04/05/16,000000,101.7000000,105.1500000,101.5000000,105.1500000,7089260
MOEX,D,05/05/16,000000,105.6300000,107.3400000,103.5800000,106.2300000,6757040
MOEX,D,06/05/16,000000,106.2300000,106.2400000,103.6700000,103.9300000,5409320
MOEX,D,10/05/16,000000,104.0000000,104.6600000,101.6800000,102.8000000,9603220
MOEX,D,11/05/16,000000,102.8000000,106.3100000,102.7000000,106.0400000,8571960
MOEX,D,12/05/16,000000,106.2800000,107.9000000,105.6700000,107.0000000,11671980
MOEX,D,13/05/16,000000,101.7500000,104.3200000,101.6000000,104.3200000,12146470
MOEX,D,16/05/16,000000,104.6100000,105.1300000,103.2500000,104.3600000,4347910
MOEX,D,17/05/16,000000,103.8000000,104.3500000,102.1000000,103.7100000,5134090
MOEX,D,18/05/16,000000,103.8300000,105.7800000,103.0000000,105.2200000,6486030
MOEX,D,19/05/16,000000,104.8400000,105.2300000,103.4100000,105.2000000,4485500
MOEX,D,20/05/16,000000,105.0300000,105.5300000,104.0000000,104.0000000,3560450
MOEX,D,23/05/16,000000,104.2200000,104.3800000,102.5500000,104.0000000,5286730
MOEX,D,24/05/16,000000,104.0000000,105.2000000,103.6500000,105.1000000,8798520
MOEX,D,25/05/16,000000,105.5000000,106.6300000,104.8300000,106.1700000,8999020
MOEX,D,26/05/16,000000,106.1100000,106.9600000,105.1100000,106.4700000,4046730
MOEX,D,27/05/16,000000,106.4700000,106.9700000,104.5200000,106.9400000,5960680
MOEX,D,30/05/16,000000,106.7800000,107.0900000,105.8200000,106.7500000,2361160
MOEX,D,31/05/16,000000,106.8200000,111.1800000,105.6000000,109.4000000,16829670
MOEX,D,01/06/16,000000,108.8500000,108.9800000,106.5200000,106.7200000,4276870
MOEX,D,02/06/16,000000,106.9800000,108.3300000,106.5000000,108.0000000,5775650
MOEX,D,03/06/16,000000,108.2800000,109.6700000,107.8500000,109.1000000,6118740
MOEX,D,06/06/16,000000,108.8300000,111.5000000,108.5000000,111.2000000,5711660
MOEX,D,07/06/16,000000,110.5000000,113.1200000,110.1700000,112.4000000,9586250
MOEX,D,08/06/16,000000,112.0200000,113.8300000,109.8000000,111.6500000,11345210
MOEX,D,09/06/16,000000,111.5000000,111.8300000,110.1100000,111.0000000,6992750
MOEX,D,10/06/16,000000,110.8300000,112.1400000,107.6600000,110.8100000,4146070
MOEX,D,14/06/16,000000,111.0000000,113.2600000,110.7600000,113.1000000,12656210
MOEX,D,15/06/16,000000,113.2700000,115.8900000,113.1000000,115.7400000,7501000
MOEX,D,16/06/16,000000,115.9100000,115.9400000,113.3400000,114.9000000,6582950
MOEX,D,17/06/16,000000,114.9600000,114.9900000,113.0900000,113.0900000,4567740
MOEX,D,20/06/16,000000,113.7600000,119.0000000,113.6200000,119.0000000,8866810
MOEX,D,21/06/16,000000,119.0000000,119.2600000,115.8100000,117.0600000,5429080
MOEX,D,22/06/16,000000,117.0300000,117.8700000,115.8200000,117.0100000,3102340
MOEX,D,23/06/16,000000,116.5000000,117.3900000,115.7400000,117.0500000,3794210
MOEX,D,24/06/16,000000,113.9900000,117.3700000,112.2100000,114.1000000,4406370
MOEX,D,27/06/16,000000,114.2400000,116.1900000,112.0000000,112.0000000,5469250
MOEX,D,28/06/16,000000,112.5000000,113.1800000,111.1200000,112.9900000,3182260
MOEX,D,29/06/16,000000,113.1800000,113.9800000,112.5000000,113.7500000,2744350
MOEX,D,30/06/16,000000,113.5500000,114.5000000,112.1000000,112.5200000,2985250
MOEX,D,01/07/16,000000,112.0000000,112.8500000,110.7000000,112.4400000,3460950
MOEX,D,04/07/16,000000,112.4700000,113.0600000,111.4100000,112.9000000,2401820
MOEX,D,05/07/16,000000,112.5800000,112.5800000,109.8800000,110.7800000,2981160
MOEX,D,06/07/16,000000,110.1800000,112.0400000,110.1000000,111.0000000,3435850
MOEX,D,07/07/16,000000,111.4800000,113.0600000,111.4800000,113.0600000,4969250
MOEX,D,08/07/16,000000,112.9200000,115.5000000,112.0000000,115.2200000,7493600
MOEX,D,11/07/16,000000,115.0700000,119.1900000,115.0000000,119.1900000,8469890
MOEX,D,12/07/16,000000,119.3200000,120.2200000,117.8100000,119.9800000,7983500
MOEX,D,13/07/16,000000,119.7300000,120.0000000,118.2200000,119.7000000,5070940
MOEX,D,14/07/16,000000,119.7900000,119.7900000,117.3100000,119.6100000,2728240
MOEX,D,15/07/16,000000,119.0000000,120.9000000,118.2000000,120.0000000,4860410
MOEX,D,18/07/16,000000,119.3100000,120.0900000,117.6500000,119.2000000,3170910
MOEX,D,19/07/16,000000,118.9200000,119.8000000,117.7300000,119.0000000,3342930
MOEX,D,20/07/16,000000,118.5800000,119.1000000,112.7600000,114.7300000,10279480
MOEX,D,21/07/16,000000,115.5100000,116.6900000,113.7800000,115.3900000,5186670
MOEX,D,22/07/16,000000,116.2300000,117.4300000,115.9500000,115.9500000,3157300
MOEX,D,25/07/16,000000,116.0800000,118.1100000,116.0500000,117.3500000,2654950
MOEX,D,26/07/16,000000,117.1600000,117.2000000,114.0300000,114.5000000,4275670
MOEX,D,27/07/16,000000,114.7100000,115.3000000,113.6700000,114.0000000,7925780
MOEX,D,28/07/16,000000,114.3000000,114.9500000,113.2200000,114.9500000,3401170
MOEX,D,29/07/16,000000,114.7700000,114.8800000,112.3400000,113.5100000,6080980
MOEX,D,01/08/16,000000,113.5500000,114.5000000,112.5100000,112.7000000,5069870
MOEX,D,02/08/16,000000,112.8200000,112.8200000,110.6000000,111.2700000,6978560
MOEX,D,03/08/16,000000,110.9700000,111.9500000,110.7500000,111.6300000,2860500
MOEX,D,04/08/16,000000,112.0000000,115.5500000,112.0000000,115.1900000,7090740
MOEX,D,05/08/16,000000,115.5800000,116.4700000,113.6200000,114.8700000,4487150
MOEX,D,08/08/16,000000,114.9000000,117.9900000,114.8000000,117.9400000,5136440
MOEX,D,09/08/16,000000,117.6400000,118.5000000,117.0800000,117.5200000,4014660
MOEX,D,10/08/16,000000,117.6500000,120.7000000,117.0000000,119.0000000,8685450
MOEX,D,11/08/16,000000,118.7800000,120.1800000,117.3300000,119.4800000,4358340
MOEX,D,12/08/16,000000,119.5700000,123.3200000,119.5600000,123.0000000,12346650
MOEX,D,15/08/16,000000,123.4500000,125.7500000,122.9900000,124.9900000,7906840
MOEX,D,16/08/16,000000,124.4900000,129.4400000,124.1300000,129.4400000,6696900
MOEX,D,17/08/16,000000,126.9000000,128.3500000,125.5200000,126.6100000,9672250
MOEX,D,18/08/16,000000,127.0000000,127.8700000,126.0300000,126.6000000,3246660
MOEX,D,19/08/16,000000,126.9000000,127.8000000,125.5000000,126.0000000,3837970
MOEX,D,22/08/16,000000,125.8500000,126.9900000,124.6200000,125.5500000,3284340
MOEX,D,23/08/16,000000,125.4300000,126.3700000,124.2000000,124.9000000,2986040
MOEX,D,24/08/16,000000,124.3000000,127.0000000,124.1500000,127.0000000,3309770
MOEX,D,25/08/16,000000,126.9900000,128.0000000,126.2200000,127.0100000,3610690
MOEX,D,26/08/16,000000,127.1000000,131.3500000,126.7000000,130.7500000,5792400
MOEX,D,29/08/16,000000,130.1900000,132.4000000,129.5000000,132.3400000,3022220
MOEX,D,30/08/16,000000,132.2000000,132.3400000,130.5000000,130.6300000,2751800
MOEX,D,31/08/16,000000,130.6000000,131.5800000,126.0100000,127.0700000,6476410
MOEX,D,01/09/16,000000,127.0500000,127.9800000,126.3100000,126.8000000,2823330
MOEX,D,02/09/16,000000,127.2900000,128.5700000,126.3300000,128.4500000,4632350
MOEX,D,05/09/16,000000,128.4500000,129.7200000,128.4200000,129.2900000,2869980
MOEX,D,06/09/16,000000,129.5000000,130.4700000,127.4500000,130.4700000,2653720
MOEX,D,07/09/16,000000,130.2500000,130.4000000,128.3000000,129.3000000,2809980
MOEX,D,08/09/16,000000,129.6200000,129.7800000,128.7000000,129.2000000,2629460
MOEX,D,09/09/16,000000,128.9900000,129.1900000,126.4800000,126.5500000,2903890
MOEX,D,12/09/16,000000,126.2300000,127.8300000,126.0100000,126.6700000,2366730
MOEX,D,13/09/16,000000,127.1700000,127.3700000,121.8500000,122.1900000,8530700
MOEX,D,14/09/16,000000,122.4100000,122.7900000,120.8500000,121.5000000,5162760
MOEX,D,15/09/16,000000,121.5200000,122.4800000,120.8200000,122.3900000,6581730
MOEX,D,16/09/16,000000,121.9500000,122.9900000,121.4200000,122.9900000,5824410
MOEX,D,19/09/16,000000,123.0000000,127.6000000,122.5000000,127.3000000,6089690
MOEX,D,20/09/16,000000,127.3000000,127.7700000,125.9800000,127.5000000,4978170
MOEX,D,21/09/16,000000,127.9800000,129.5000000,126.9300000,127.3100000,4862490
MOEX,D,22/09/16,000000,128.4900000,130.8900000,128.0000000,130.8900000,6063200
MOEX,D,23/09/16,000000,130.9200000,131.5000000,128.5100000,129.6000000,4107520
MOEX,D,26/09/16,000000,128.7400000,128.7800000,126.2500000,127.4500000,4390750
MOEX,D,27/09/16,000000,127.7000000,127.7000000,123.0000000,123.0000000,6787220
MOEX,D,28/09/16,000000,122.9200000,125.7700000,122.5200000,123.8900000,3676970
MOEX,D,29/09/16,000000,125.5100000,126.8900000,124.3100000,125.1800000,6490470
MOEX,D,30/09/16,000000,124.7800000,127.8000000,123.0500000,126.6000000,7821100
MOEX,D,03/10/16,000000,127.2700000,128.9800000,126.0700000,127.6700000,4691420
MOEX,D,04/10/16,000000,127.3700000,127.8800000,120.2000000,120.2000000,9194030
MOEX,D,05/10/16,000000,121.9400000,123.5000000,120.6900000,122.6000000,10986560
MOEX,D,06/10/16,000000,122.5300000,122.8800000,121.2300000,122.2500000,2666370
MOEX,D,07/10/16,000000,122.3300000,123.2500000,120.8200000,121.6700000,6534430
MOEX,D,10/10/16,000000,121.8400000,124.1000000,121.2700000,123.2900000,5525970
MOEX,D,11/10/16,000000,123.3300000,124.6400000,122.2000000,124.0000000,7062710
MOEX,D,12/10/16,000000,124.1800000,125.2200000,123.2800000,124.0500000,6920300
MOEX,D,13/10/16,000000,123.9800000,124.4800000,122.6200000,123.5500000,3115930
MOEX,D,14/10/16,000000,123.5700000,124.8000000,123.1700000,124.2700000,3485890
MOEX,D,17/10/16,000000,124.4400000,124.4400000,123.1200000,123.5000000,3590800
MOEX,D,18/10/16,000000,123.7900000,124.2400000,122.5300000,124.2400000,3447300
MOEX,D,19/10/16,000000,124.0300000,124.2300000,122.9000000,122.9100000,2735080
MOEX,D,20/10/16,000000,123.0800000,123.1600000,118.8000000,119.0600000,6495560
MOEX,D,21/10/16,000000,119.2100000,119.2400000,115.0000000,116.0000000,9386360
MOEX,D,24/10/16,000000,116.3900000,117.3900000,111.7500000,112.8300000,9214540
MOEX,D,25/10/16,000000,113.4000000,118.4000000,112.7200000,117.6500000,13326030
MOEX,D,26/10/16,000000,117.6200000,119.2000000,116.6800000,117.3100000,3582120
MOEX,D,27/10/16,000000,117.5000000,119.7500000,117.3100000,118.8000000,3385560
MOEX,D,28/10/16,000000,118.9500000,118.9500000,116.0800000,117.3900000,4111710
MOEX,D,31/10/16,000000,117.4000000,117.4100000,115.2100000,116.7100000,6532650
MOEX,D,01/11/16,000000,117.0900000,117.8000000,114.0500000,114.7000000,7970260
MOEX,D,02/11/16,000000,114.7000000,115.7800000,113.7500000,114.9100000,3862370
MOEX,D,03/11/16,000000,114.8300000,116.1400000,114.0300000,114.9100000,4147510
MOEX,D,07/11/16,000000,115.1800000,115.5000000,110.1700000,110.1700000,16962130
MOEX,D,08/11/16,000000,110.6100000,112.7000000,110.6100000,111.2000000,5229890
MOEX,D,09/11/16,000000,109.9700000,114.2400000,108.2400000,112.9900000,13491350
MOEX,D,10/11/16,000000,113.7000000,118.4900000,113.4100000,114.0000000,14997390
MOEX,D,11/11/16,000000,114.6000000,115.2700000,112.2000000,112.2000000,11616480
MOEX,D,14/11/16,000000,112.7000000,113.1700000,109.1200000,110.0000000,16286730
MOEX,D,15/11/16,000000,110.3200000,112.7500000,109.8700000,111.2100000,8402080
MOEX,D,16/11/16,000000,111.9900000,113.7000000,110.5200000,111.3000000,15550210
MOEX,D,17/11/16,000000,111.4600000,112.1400000,108.5200000,109.0000000,14632680
MOEX,D,18/11/16,000000,109.0600000,112.7000000,108.5400000,112.6200000,12233890
MOEX,D,21/11/16,000000,113.2100000,115.4500000,112.1700000,113.0300000,8803710
MOEX,D,22/11/16,000000,113.8000000,116.6800000,113.2100000,116.6800000,9821830
MOEX,D,23/11/16,000000,116.9100000,119.2200000,116.1100000,119.0000000,11108600
MOEX,D,24/11/16,000000,119.0600000,119.6700000,117.5600000,118.6700000,6961640
MOEX,D,25/11/16,000000,118.1400000,118.7000000,116.3000000,117.5000000,6852710
MOEX,D,28/11/16,000000,117.4200000,117.9800000,115.6100000,116.3000000,3905690
MOEX,D,29/11/16,000000,116.1300000,116.4900000,114.0100000,114.0100000,8868650
MOEX,D,30/11/16,000000,114.3100000,119.6400000,113.7500000,118.3500000,11653720
MOEX,D,01/12/16,000000,119.3300000,121.6300000,119.1400000,119.6000000,10290660
MOEX,D,02/12/16,000000,119.5500000,119.6900000,116.7000000,116.7000000,7560890
MOEX,D,05/12/16,000000,116.4600000,119.5500000,116.2700000,119.4500000,7395670
MOEX,D,06/12/16,000000,118.9900000,120.8700000,118.1000000,119.8100000,7832990
MOEX,D,07/12/16,000000,119.6200000,120.6200000,118.7000000,118.7000000,4214310
MOEX,D,08/12/16,000000,119.3600000,120.5000000,118.7200000,119.7000000,6753440
MOEX,D,09/12/16,000000,120.0600000,122.2000000,119.2600000,120.5500000,8828670
MOEX,D,12/12/16,000000,122.4500000,125.3000000,120.7200000,125.0000000,15683760
MOEX,D,13/12/16,000000,125.1000000,129.2700000,123.8000000,128.4600000,10517960
MOEX,D,14/12/16,000000,128.4600000,128.4600000,122.3400000,122.5000000,12053140
MOEX,D,15/12/16,000000,122.3000000,125.0000000,121.1000000,124.9000000,8941840
MOEX,D,16/12/16,000000,125.2500000,126.2400000,122.6700000,122.7300000,9643390
MOEX,D,19/12/16,000000,123.2100000,124.8400000,122.7300000,124.0000000,5257430
MOEX,D,20/12/16,000000,123.6500000,123.9400000,121.5400000,122.5000000,5441260
MOEX,D,21/12/16,000000,122.2300000,125.5000000,120.4000000,120.4000000,7583520
MOEX,D,22/12/16,000000,120.1900000,120.3700000,117.2900000,117.5000000,6536610
MOEX,D,23/12/16,000000,117.2000000,118.4000000,116.5100000,116.6700000,4175800
MOEX,D,26/12/16,000000,116.9900000,119.1600000,116.1600000,118.1500000,2319370
MOEX,D,27/12/16,000000,118.5000000,119.4900000,118.2500000,119.4300000,2123170
MOEX,D,28/12/16,000000,119.4900000,121.3500000,119.1400000,120.5100000,3192540
MOEX,D,29/12/16,000000,120.8500000,123.1000000,119.0900000,122.4500000,4192570
MOEX,D,30/12/16,000000,122.5500000,125.5900000,122.3500000,125.5900000,6645450
MOEX,D,03/01/17,000000,125.4200000,130.4100000,125.4000000,127.9000000,11976500
MOEX,D,04/01/17,000000,128.3800000,130.0000000,126.8300000,130.0000000,5595090
MOEX,D,05/01/17,000000,129.9900000,130.8400000,126.6000000,127.7500000,6814030
MOEX,D,06/01/17,000000,127.7500000,128.6500000,125.1200000,125.5700000,3126460
MOEX,D,09/01/17,000000,126.3600000,128.3900000,125.0200000,127.8000000,7624380
MOEX,D,10/01/17,000000,127.8200000,130.1300000,126.4800000,129.9500000,6510870
MOEX,D,11/01/17,000000,129.2800000,134.7700000,129.0000000,134.7700000,14895270
MOEX,D,12/01/17,000000,134.6100000,137.6000000,133.1500000,137.6000000,10593620
MOEX,D,13/01/17,000000,137.0400000,137.4900000,133.8000000,134.6900000,10947710
MOEX,D,16/01/17,000000,134.6900000,135.3700000,132.5100000,133.0000000,4588820
MOEX,D,17/01/17,000000,133.2000000,134.2900000,129.1100000,129.8000000,10280330
MOEX,D,18/01/17,000000,129.8600000,131.8000000,129.5000000,131.5000000,4972770
MOEX,D,19/01/17,000000,131.7700000,134.4000000,130.0600000,131.6800000,7624810
MOEX,D,20/01/17,000000,131.1800000,132.3900000,129.7400000,130.7500000,3275830
MOEX,D,23/01/17,000000,130.7000000,132.4900000,128.5500000,130.4000000,4336040
MOEX,D,24/01/17,000000,130.6500000,131.7500000,130.1000000,131.6100000,5714480
MOEX,D,25/01/17,000000,131.5000000,132.4500000,131.0600000,131.8600000,3973050
MOEX,D,26/01/17,000000,132.2900000,136.9900000,132.2100000,136.4200000,7557980
MOEX,D,27/01/17,000000,136.4000000,139.8000000,136.0800000,138.5000000,6851980
MOEX,D,30/01/17,000000,138.5600000,138.8800000,135.0200000,136.0000000,4810840
MOEX,D,31/01/17,000000,135.8600000,136.8700000,134.2000000,134.2000000,4122530
MOEX,D,01/02/17,000000,134.4400000,135.1000000,133.0000000,134.8000000,5137920
MOEX,D,02/02/17,000000,134.8000000,135.6500000,132.3400000,134.1700000,4774800
MOEX,D,03/02/17,000000,134.1200000,135.9000000,131.2400000,135.7900000,7191960
MOEX,D,06/02/17,000000,135.7900000,136.7000000,133.5500000,135.1000000,3740800
MOEX,D,07/02/17,000000,135.0200000,135.0400000,133.0100000,133.6900000,3010310
MOEX,D,08/02/17,000000,133.2600000,133.6100000,131.2500000,131.5500000,4436480
MOEX,D,09/02/17,000000,131.8400000,132.7700000,129.8200000,131.6700000,4332170
MOEX,D,10/02/17,000000,131.7000000,133.7000000,129.0000000,130.7900000,5438890
MOEX,D,13/02/17,000000,130.5800000,132.1200000,129.2200000,129.4800000,4460430
MOEX,D,14/02/17,000000,129.6100000,129.9300000,126.2600000,127.4000000,7156410
